
> qqjiayuan-admin@1.0.0 serve
> vue-cli-service serve

 INFO  Starting development server...
[3%] setup (watch run)
[2K[1A[2K[G[3%] setup (watch run webpack-dev-middleware)
[2K[1A[2K[G[3%] setup (watch run)
[2K[1A[2K[G[4%] setup (normal module factory)
[2K[1A[2K[G[4%] setup (normal module factory CaseSensitivePathsPlugin)
[2K[1A[2K[G[4%] setup (normal module factory)
[2K[1A[2K[G[5%] setup (context module factory)
[2K[1A[2K[G[6%] setup (before compile)
[2K[1A[2K[G[7%] setup (compile)
[2K[1A[2K[G[7%] setup (compile ExternalsPlugin)
[2K[1A[2K[G[7%] setup (compile)
[2K[1A[2K[G[8%] setup (compilation)
[2K[1A[2K[G[8%] setup (compilation HtmlWebpackPlugin)
[2K[1A[2K[G[8%] setup (compilation CopyPlugin)
[2K[1A[2K[G[8%] setup (compilation ArrayPushCallbackChunkFormatPlugin)
[2K[1A[2K[G[8%] setup (compilation JsonpChunkLoadingPlugin)
[2K[1A[2K[G[8%] setup (compilation StartupChunkDependenciesPlugin)
[2K[1A[2K[G[8%] setup (compilation ImportScriptsChunkLoadingPlugin)
[2K[1A[2K[G[8%] setup (compilation WorkerAndWorkletPlugin)
[2K[1A[2K[G[8%] setup (compilation SplitChunksPlugin)
[2K[1A[2K[G[8%] setup (compilation ResolverCachePlugin)
[2K[1A[2K[G[8%] setup (compilation)
[2K[1A[2K[G[9%] setup (compilation)
[2K[1A[2K[G[9%] setup (compilation vue-loader-plugin)
[2K[1A[2K[G[9%] setup (compilation DefinePlugin)
[2K[1A[2K[G[9%] setup (compilation ProgressPlugin)
[2K[1A[2K[G[9%] setup (compilation EntryPlugin)
[2K[1A[2K[G[9%] setup (compilation ExternalsPlugin)
[2K[1A[2K[G[9%] setup (compilation ChunkPrefetchPreloadPlugin)
[2K[1A[2K[G[9%] setup (compilation ResourceHintPlugin)
[2K[1A[2K[G[9%] setup (compilation ModuleInfoHeaderPlugin)
[2K[1A[2K[G[9%] setup (compilation EvalSourceMapDevToolPlugin)
[2K[1A[2K[G[9%] setup (compilation JavascriptModulesPlugin)
[2K[1A[2K[G[9%] setup (compilation JsonModulesPlugin)
[2K[1A[2K[G[9%] setup (compilation AssetModulesPlugin)
[2K[1A[2K[G[9%] setup (compilation EntryPlugin)
[2K[1A[2K[G[9%] setup (compilation RuntimePlugin)
[2K[1A[2K[G[9%] setup (compilation InferAsyncModulesPlugin)
[2K[1A[2K[G[9%] setup (compilation DataUriPlugin)
[2K[1A[2K[G[9%] setup (compilation FileUriPlugin)
[2K[1A[2K[G[9%] setup (compilation CompatibilityPlugin)
[2K[1A[2K[G[9%] setup (compilation HarmonyModulesPlugin)
[2K[1A[2K[G[9%] setup (compilation AMDPlugin)
[2K[1A[2K[G[9%] setup (compilation RequireJsStuffPlugin)
[2K[1A[2K[G[9%] setup (compilation CommonJsPlugin)
[2K[1A[2K[G[9%] setup (compilation LoaderPlugin)
[2K[1A[2K[G[9%] setup (compilation NodeStuffPlugin)
[2K[1A[2K[G[9%] setup (compilation APIPlugin)
[2K[1A[2K[G[9%] setup (compilation ExportsInfoApiPlugin)
[2K[1A[2K[G[9%] setup (compilation WebpackIsIncludedPlugin)
[2K[1A[2K[G[9%] setup (compilation ConstPlugin)
[2K[1A[2K[G[9%] setup (compilation UseStrictPlugin)
[2K[1A[2K[G[9%] setup (compilation RequireIncludePlugin)
[2K[1A[2K[G[9%] setup (compilation RequireEnsurePlugin)
[2K[1A[2K[G[9%] setup (compilation RequireContextPlugin)
[2K[1A[2K[G[9%] setup (compilation ImportPlugin)
[2K[1A[2K[G[9%] setup (compilation ImportMetaContextPlugin)
[2K[1A[2K[G[9%] setup (compilation SystemPlugin)
[2K[1A[2K[G[9%] setup (compilation ImportMetaPlugin)
[2K[1A[2K[G[9%] setup (compilation URLPlugin)
[2K[1A[2K[G[9%] setup (compilation DefaultStatsFactoryPlugin)
[2K[1A[2K[G[9%] setup (compilation DefaultStatsPresetPlugin)
[2K[1A[2K[G[9%] setup (compilation DefaultStatsPrinterPlugin)
[2K[1A[2K[G[9%] setup (compilation JavascriptMetaInfoPlugin)
[2K[1A[2K[G[9%] setup (compilation EnsureChunkConditionsPlugin)
[2K[1A[2K[G[9%] setup (compilation RemoveEmptyChunksPlugin)
[2K[1A[2K[G[9%] setup (compilation MergeDuplicateChunksPlugin)
[2K[1A[2K[G[9%] setup (compilation SideEffectsFlagPlugin)
[2K[1A[2K[G[9%] setup (compilation FlagDependencyExportsPlugin)
[2K[1A[2K[G[9%] setup (compilation ConstExportsPlugin)
[2K[1A[2K[G[9%] setup (compilation NamedModuleIdsPlugin)
[2K[1A[2K[G[9%] setup (compilation NamedChunkIdsPlugin)
[2K[1A[2K[G[9%] setup (compilation DefinePlugin)
[2K[1A[2K[G[9%] setup (compilation TemplatedPathPlugin)
[2K[1A[2K[G[9%] setup (compilation RecordIdsPlugin)
[2K[1A[2K[G[9%] setup (compilation WarnCaseSensitiveModulesPlugin)
[2K[1A[2K[G[9%] setup (compilation EntryPlugin)
[2K[1A[2K[G[9%] setup (compilation ProvidePlugin)
[2K[1A[2K[G[9%] setup (compilation HotModuleReplacementPlugin)
[2K[1A[2K[G[9%] setup (compilation ProgressPlugin)
[2K[1A[2K[G[9%] setup (compilation)
[2K[1A[2K[G[10%] building 
[2K[1A[2K[G[10%] building (0/0 modules)
[2K[1A[2K[G[10%] building (import loader vue-style-loader/index.js)
[2K[1A[2K[G[10%] building (import loader css-loader/dist/cjs.js)
[2K[1A[2K[G[10%] building (import loader postcss-loader/dist/cjs.js)
[2K[1A[2K[G[10%] building (2/17 modules)
[2K[1A[2K[G[10%] building (import loader @vue/vue-loader-v15/lib/index.js)
[2K[1A[2K[G[10%] building (2/17 modules)
[2K[1A[2K[G[24%] building (7/22 modules)
[2K[1A[2K[G[24%] building (8/28 modules)
[2K[1A[2K[G[24%] building (import loader @vue/vue-loader-v15/lib/loaders/pitcher.js)
[2K[1A[2K[G[24%] building (import loader @vue/vue-loader-v15/lib/loaders/templateLoader.js)
[2K[1A[2K[G[24%] building (13/32 modules)
[2K[1A[2K[G[24%] building (import loader @vue/vue-loader-v15/lib/loaders/stylePostLoader.js
)
[2K[1A[2K[1A[2K[G[24%] building (17/38 modules)
[2K[1A[2K[G[38%] building (68/132 modules)
[2K[1A[2K[G[38%] building (69/251 modules)
[2K[1A[2K[G[38%] building (123/252 modules)
[2K[1A[2K[G[51%] building (129/260 modules)
[2K[1A[2K[G[65%] building (395/395 modules)
[2K[1A[2K[G[65%] building 
[2K[1A[2K[G[69%] building (finish)
[2K[1A[2K[G[70%] sealing (finish module graph)
[2K[1A[2K[G[70%] sealing (finish module graph ResolverCachePlugin)
[2K[1A[2K[G[70%] sealing (finish module graph InferAsyncModulesPlugin)
[2K[1A[2K[G[70%] sealing (finish module graph FlagDependencyExportsPlugin)
[2K[1A[2K[G[70%] sealing (finish module graph)
[2K[1A[2K[G[71%] sealing (plugins)
[2K[1A[2K[G[71%] sealing (plugins WarnCaseSensitiveModulesPlugin)
[2K[1A[2K[G[71%] sealing (plugins)
[2K[1A[2K[G[71%] sealing (dependencies optimization)
[2K[1A[2K[G[71%] sealing (dependencies optimization SideEffectsFlagPlugin)
[2K[1A[2K[G[71%] sealing (dependencies optimization)
[2K[1A[2K[G[72%] sealing (after dependencies optimization)
[2K[1A[2K[G[73%] sealing (chunk graph)
[2K[1A[2K[G[73%] sealing (after chunk graph)
[2K[1A[2K[G[74%] sealing (optimizing)
[2K[1A[2K[G[74%] sealing (module optimization)
[2K[1A[2K[G[75%] sealing (after module optimization)
[2K[1A[2K[G[76%] sealing (chunk optimization)
[2K[1A[2K[G[76%] sealing (chunk optimization EnsureChunkConditionsPlugin)
[2K[1A[2K[G[76%] sealing (chunk optimization RemoveEmptyChunksPlugin)
[2K[1A[2K[G[76%] sealing (chunk optimization MergeDuplicateChunksPlugin)
[2K[1A[2K[G[76%] sealing (chunk optimization SplitChunksPlugin)
[2K[1A[2K[G[76%] sealing (chunk optimization RemoveEmptyChunksPlugin)
[2K[1A[2K[G[76%] sealing (chunk optimization)
[2K[1A[2K[G[76%] sealing (after chunk optimization)
[2K[1A[2K[G[77%] sealing (module and chunk tree optimization)
[2K[1A[2K[G[77%] sealing (module and chunk tree optimization PersistentChildCompilerSinglet
onPlugin)
[2K[1A[2K[1A[2K[G[77%] sealing (module and chunk tree optimization)
[2K[1A[2K[G[78%] sealing (after module and chunk tree optimization)
[2K[1A[2K[G[78%] sealing (chunk modules optimization)
[2K[1A[2K[G[79%] sealing (after chunk modules optimization)
[2K[1A[2K[G[80%] sealing (module reviving)
[2K[1A[2K[G[80%] sealing (module reviving RecordIdsPlugin)
[2K[1A[2K[G[80%] sealing (module reviving)
[2K[1A[2K[G[80%] sealing (before module ids)
[2K[1A[2K[G[81%] sealing (module ids)
[2K[1A[2K[G[81%] sealing (module ids NamedModuleIdsPlugin)
[2K[1A[2K[G[81%] sealing (module ids)
[2K[1A[2K[G[82%] sealing (module id optimization)
[2K[1A[2K[G[82%] sealing (module id optimization)
[2K[1A[2K[G[83%] sealing (chunk reviving)
[2K[1A[2K[G[83%] sealing (chunk reviving RecordIdsPlugin)
[2K[1A[2K[G[83%] sealing (chunk reviving)
[2K[1A[2K[G[83%] sealing (before chunk ids)
[2K[1A[2K[G[84%] sealing (chunk ids)
[2K[1A[2K[G[84%] sealing (chunk ids NamedChunkIdsPlugin)
[2K[1A[2K[G[84%] sealing (chunk ids)
[2K[1A[2K[G[85%] sealing (chunk id optimization)
[2K[1A[2K[G[85%] sealing (after chunk id optimization)
[2K[1A[2K[G[86%] sealing (record modules)
[2K[1A[2K[G[86%] sealing (record modules RecordIdsPlugin)
[2K[1A[2K[G[86%] sealing (record modules)
[2K[1A[2K[G[87%] sealing (record chunks)
[2K[1A[2K[G[87%] sealing (record chunks RecordIdsPlugin)
[2K[1A[2K[G[87%] sealing (record chunks)
[2K[1A[2K[G[87%] sealing (module hashing)
[2K[1A[2K[G[88%] sealing (code generation)
[2K[1A[2K[G[89%] sealing (runtime requirements)
[2K[1A[2K[G[89%] sealing (hashing)
[2K[1A[2K[G[90%] sealing (after hashing)
[2K[1A[2K[G[91%] sealing (record hash)
[2K[1A[2K[G[91%] sealing (module assets processing)
[2K[1A[2K[G[92%] sealing (chunk assets processing)
[2K[1A[2K[G[92%] sealing (asset processing)
[2K[1A[2K[G[92%] sealing (asset processing copy-webpack-plugin)
[2K[1A[2K[G[92%] sealing (asset processing HotModuleReplacementPlugin)
[2K[1A[2K[G[92%] sealing (asset processing PersistentChildCompilerSingletonPlugin)
[2K[1A[2K[G[92%] sealing (asset processing HtmlWebpackPlugin)
[2K[1A[2K[G[92%] sealing (asset processing)
[2K[1A[2K[G[93%] sealing (after asset optimization)
[2K[1A[2K[G[94%] sealing (recording)
[2K[1A[2K[G[94%] sealing (recording HotModuleReplacementPlugin)
[2K[1A[2K[G[94%] sealing (recording)
[2K[1A[2K[G[94%] sealing (after seal)
[2K[1A[2K[G[95%] emitting (emit)
[2K[1A[2K[G[98%] emitting (after emit)
[2K[1A[2K[GBuild finished at 15:24:59 by 0.000s
[2K[1A[2K[GBuild finished at 15:24:59 by 0.000s
[2K[1A[2K[GBuild finished at 15:24:59 by 0.000s
[2K[1A[2K[G DONE  Compiled successfully in 4716ms15:24:59

Build finished at 15:24:59 by 0.000s
[2K[1A[2K[G
  App running at:
  - Local:   http://localhost:8001/admin-ui/ 
  - Network: unavailable

  Note that the development build is not optimized.
  To create a production build, run npm run build.

Build finished at 15:24:59 by 0.000s
[2K[1A[2K[GBuild finished at 15:24:59 by 0.000s
[2K[1A[2K[GBuild finished at 15:24:59 by 0.000s
[2K[1A[2K[GBuild finished at 15:24:59 by 0.000s
[2K[1A[2K[GBuild finished at 15:24:59 by 0.000s
[2K[1A[2K[GBuild finished at 15:24:59 by 0.000s
[2K[1A[2K[GBuild finished at 15:24:59 by 0.000s
[2K[1A[2K[GBuild finished at 15:24:59 by 0.000s
[2K[1A[2K[G WAIT  Compiling...15:35:46

Compiling...

[2K[1A[2K[G[1%] cache (end idle)
[2K[1A[2K[G[3%] setup (watch run)
[2K[1A[2K[G[3%] setup (watch run webpack-dev-middleware)
[2K[1A[2K[G[3%] setup (watch run)
[2K[1A[2K[G[4%] setup (normal module factory)
[2K[1A[2K[G[4%] setup (normal module factory CaseSensitivePathsPlugin)
[2K[1A[2K[G[4%] setup (normal module factory)
[2K[1A[2K[G[5%] setup (context module factory)
[2K[1A[2K[G[6%] setup (before compile)
[2K[1A[2K[G[7%] setup (compile)
[2K[1A[2K[G[7%] setup (compile ExternalsPlugin)
[2K[1A[2K[G[7%] setup (compile)
[2K[1A[2K[G[8%] setup (compilation)
[2K[1A[2K[G[8%] setup (compilation HtmlWebpackPlugin)
[2K[1A[2K[G[8%] setup (compilation CopyPlugin)
[2K[1A[2K[G[8%] setup (compilation ArrayPushCallbackChunkFormatPlugin)
[2K[1A[2K[G[8%] setup (compilation JsonpChunkLoadingPlugin)
[2K[1A[2K[G[8%] setup (compilation StartupChunkDependenciesPlugin)
[2K[1A[2K[G[8%] setup (compilation ImportScriptsChunkLoadingPlugin)
[2K[1A[2K[G[8%] setup (compilation WorkerAndWorkletPlugin)
[2K[1A[2K[G[8%] setup (compilation SplitChunksPlugin)
[2K[1A[2K[G[8%] setup (compilation ResolverCachePlugin)
[2K[1A[2K[G[8%] setup (compilation)
[2K[1A[2K[G[9%] setup (compilation)
[2K[1A[2K[G[9%] setup (compilation vue-loader-plugin)
[2K[1A[2K[G[9%] setup (compilation DefinePlugin)
[2K[1A[2K[G[9%] setup (compilation ProgressPlugin)
[2K[1A[2K[G[9%] setup (compilation EntryPlugin)
[2K[1A[2K[G[9%] setup (compilation ExternalsPlugin)
[2K[1A[2K[G[9%] setup (compilation ChunkPrefetchPreloadPlugin)
[2K[1A[2K[G[9%] setup (compilation ResourceHintPlugin)
[2K[1A[2K[G[9%] setup (compilation ModuleInfoHeaderPlugin)
[2K[1A[2K[G[9%] setup (compilation EvalSourceMapDevToolPlugin)
[2K[1A[2K[G[9%] setup (compilation JavascriptModulesPlugin)
[2K[1A[2K[G[9%] setup (compilation JsonModulesPlugin)
[2K[1A[2K[G[9%] setup (compilation AssetModulesPlugin)
[2K[1A[2K[G[9%] setup (compilation EntryPlugin)
[2K[1A[2K[G[9%] setup (compilation RuntimePlugin)
[2K[1A[2K[G[9%] setup (compilation InferAsyncModulesPlugin)
[2K[1A[2K[G[9%] setup (compilation DataUriPlugin)
[2K[1A[2K[G[9%] setup (compilation FileUriPlugin)
[2K[1A[2K[G[9%] setup (compilation CompatibilityPlugin)
[2K[1A[2K[G[9%] setup (compilation HarmonyModulesPlugin)
[2K[1A[2K[G[9%] setup (compilation AMDPlugin)
[2K[1A[2K[G[9%] setup (compilation RequireJsStuffPlugin)
[2K[1A[2K[G[9%] setup (compilation CommonJsPlugin)
[2K[1A[2K[G[9%] setup (compilation LoaderPlugin)
[2K[1A[2K[G[9%] setup (compilation NodeStuffPlugin)
[2K[1A[2K[G[9%] setup (compilation APIPlugin)
[2K[1A[2K[G[9%] setup (compilation ExportsInfoApiPlugin)
[2K[1A[2K[G[9%] setup (compilation WebpackIsIncludedPlugin)
[2K[1A[2K[G[9%] setup (compilation ConstPlugin)
[2K[1A[2K[G[9%] setup (compilation UseStrictPlugin)
[2K[1A[2K[G[9%] setup (compilation RequireIncludePlugin)
[2K[1A[2K[G[9%] setup (compilation RequireEnsurePlugin)
[2K[1A[2K[G[9%] setup (compilation RequireContextPlugin)
[2K[1A[2K[G[9%] setup (compilation ImportPlugin)
[2K[1A[2K[G[9%] setup (compilation ImportMetaContextPlugin)
[2K[1A[2K[G[9%] setup (compilation SystemPlugin)
[2K[1A[2K[G[9%] setup (compilation ImportMetaPlugin)
[2K[1A[2K[G[9%] setup (compilation URLPlugin)
[2K[1A[2K[G[9%] setup (compilation DefaultStatsFactoryPlugin)
[2K[1A[2K[G[9%] setup (compilation DefaultStatsPresetPlugin)
[2K[1A[2K[G[9%] setup (compilation DefaultStatsPrinterPlugin)
[2K[1A[2K[G[9%] setup (compilation JavascriptMetaInfoPlugin)
[2K[1A[2K[G[9%] setup (compilation EnsureChunkConditionsPlugin)
[2K[1A[2K[G[9%] setup (compilation RemoveEmptyChunksPlugin)
[2K[1A[2K[G[9%] setup (compilation MergeDuplicateChunksPlugin)
[2K[1A[2K[G[9%] setup (compilation SideEffectsFlagPlugin)
[2K[1A[2K[G[9%] setup (compilation FlagDependencyExportsPlugin)
[2K[1A[2K[G[9%] setup (compilation ConstExportsPlugin)
[2K[1A[2K[G[9%] setup (compilation NamedModuleIdsPlugin)
[2K[1A[2K[G[9%] setup (compilation NamedChunkIdsPlugin)
[2K[1A[2K[G[9%] setup (compilation DefinePlugin)
[2K[1A[2K[G[9%] setup (compilation TemplatedPathPlugin)
[2K[1A[2K[G[9%] setup (compilation RecordIdsPlugin)
[2K[1A[2K[G[9%] setup (compilation WarnCaseSensitiveModulesPlugin)
[2K[1A[2K[G[9%] setup (compilation EntryPlugin)
[2K[1A[2K[G[9%] setup (compilation ProvidePlugin)
[2K[1A[2K[G[9%] setup (compilation HotModuleReplacementPlugin)
[2K[1A[2K[G[9%] setup (compilation ProgressPlugin)
[2K[1A[2K[G[9%] setup (compilation)
[2K[1A[2K[G[10%] building 
[2K[1A[2K[G[10%] building (0/0 modules)
[2K[1A[2K[G[24%] building (15/7 modules)
[2K[1A[2K[G[38%] building (79/23 modules)
[2K[1A[2K[G[51%] building (86/24 modules)
[2K[1A[2K[G[51%] building (import loader @vue/vue-loader-v15/lib/index.js)
[2K[1A[2K[G[51%] building (382/167 modules)
[2K[1A[2K[G[51%] building (import loader @vue/vue-loader-v15/lib/loaders/templateLoader.js)
[2K[1A[2K[G[51%] building (382/175 modules)
[2K[1A[2K[G[51%] building (import loader css-loader/dist/cjs.js)
[2K[1A[2K[G[51%] building (import loader @vue/vue-loader-v15/lib/loaders/stylePostLoader.js
)
[2K[1A[2K[1A[2K[G[51%] building (import loader postcss-loader/dist/cjs.js)
[2K[1A[2K[G[51%] building (386/177 modules)
[2K[1A[2K[G[65%] building (395/179 modules)
[2K[1A[2K[G[65%] building 
[2K[1A[2K[G[69%] building (finish)
[2K[1A[2K[G[70%] sealing (finish module graph)
[2K[1A[2K[G[70%] sealing (finish module graph ResolverCachePlugin)
[2K[1A[2K[G[70%] sealing (finish module graph InferAsyncModulesPlugin)
[2K[1A[2K[G[70%] sealing (finish module graph FlagDependencyExportsPlugin)
[2K[1A[2K[G[70%] sealing (finish module graph)
[2K[1A[2K[G[71%] sealing (plugins)
[2K[1A[2K[G[71%] sealing (plugins WarnCaseSensitiveModulesPlugin)
[2K[1A[2K[G[71%] sealing (plugins)
[2K[1A[2K[G[71%] sealing (dependencies optimization)
[2K[1A[2K[G[71%] sealing (dependencies optimization SideEffectsFlagPlugin)
[2K[1A[2K[G[71%] sealing (dependencies optimization)
[2K[1A[2K[G[72%] sealing (after dependencies optimization)
[2K[1A[2K[G[73%] sealing (chunk graph)
[2K[1A[2K[G[73%] sealing (after chunk graph)
[2K[1A[2K[G[74%] sealing (optimizing)
[2K[1A[2K[G[74%] sealing (module optimization)
[2K[1A[2K[G[75%] sealing (after module optimization)
[2K[1A[2K[G[76%] sealing (chunk optimization)
[2K[1A[2K[G[76%] sealing (chunk optimization EnsureChunkConditionsPlugin)
[2K[1A[2K[G[76%] sealing (chunk optimization RemoveEmptyChunksPlugin)
[2K[1A[2K[G[76%] sealing (chunk optimization MergeDuplicateChunksPlugin)
[2K[1A[2K[G[76%] sealing (chunk optimization SplitChunksPlugin)
[2K[1A[2K[G[76%] sealing (chunk optimization RemoveEmptyChunksPlugin)
[2K[1A[2K[G[76%] sealing (chunk optimization)
[2K[1A[2K[G[76%] sealing (after chunk optimization)
[2K[1A[2K[G[77%] sealing (module and chunk tree optimization)
[2K[1A[2K[G[77%] sealing (module and chunk tree optimization PersistentChildCompilerSinglet
onPlugin)
[2K[1A[2K[1A[2K[G[77%] sealing (module and chunk tree optimization)
[2K[1A[2K[G[78%] sealing (after module and chunk tree optimization)
[2K[1A[2K[G[78%] sealing (chunk modules optimization)
[2K[1A[2K[G[79%] sealing (after chunk modules optimization)
[2K[1A[2K[G[80%] sealing (module reviving)
[2K[1A[2K[G[80%] sealing (module reviving RecordIdsPlugin)
[2K[1A[2K[G[80%] sealing (module reviving)
[2K[1A[2K[G[80%] sealing (before module ids)
[2K[1A[2K[G[81%] sealing (module ids)
[2K[1A[2K[G[81%] sealing (module ids NamedModuleIdsPlugin)
[2K[1A[2K[G[81%] sealing (module ids)
[2K[1A[2K[G[82%] sealing (module id optimization)
[2K[1A[2K[G[82%] sealing (module id optimization)
[2K[1A[2K[G[83%] sealing (chunk reviving)
[2K[1A[2K[G[83%] sealing (chunk reviving RecordIdsPlugin)
[2K[1A[2K[G[83%] sealing (chunk reviving)
[2K[1A[2K[G[83%] sealing (before chunk ids)
[2K[1A[2K[G[84%] sealing (chunk ids)
[2K[1A[2K[G[84%] sealing (chunk ids NamedChunkIdsPlugin)
[2K[1A[2K[G[84%] sealing (chunk ids)
[2K[1A[2K[G[85%] sealing (chunk id optimization)
[2K[1A[2K[G[85%] sealing (after chunk id optimization)
[2K[1A[2K[G[86%] sealing (record modules)
[2K[1A[2K[G[86%] sealing (record modules RecordIdsPlugin)
[2K[1A[2K[G[86%] sealing (record modules)
[2K[1A[2K[G[87%] sealing (record chunks)
[2K[1A[2K[G[87%] sealing (record chunks RecordIdsPlugin)
[2K[1A[2K[G[87%] sealing (record chunks)
[2K[1A[2K[G[87%] sealing (module hashing)
[2K[1A[2K[G[88%] sealing (code generation)
[2K[1A[2K[G[89%] sealing (runtime requirements)
[2K[1A[2K[G[89%] sealing (hashing)
[2K[1A[2K[G[90%] sealing (after hashing)
[2K[1A[2K[G[91%] sealing (record hash)
[2K[1A[2K[G[91%] sealing (module assets processing)
[2K[1A[2K[G[92%] sealing (chunk assets processing)
[2K[1A[2K[G[92%] sealing (asset processing)
[2K[1A[2K[G[92%] sealing (asset processing copy-webpack-plugin)
[2K[1A[2K[G[92%] sealing (asset processing HotModuleReplacementPlugin)
[2K[1A[2K[G[92%] sealing (asset processing PersistentChildCompilerSingletonPlugin)
[2K[1A[2K[G[92%] sealing (asset processing HtmlWebpackPlugin)
[2K[1A[2K[G[92%] sealing (asset processing)
[2K[1A[2K[G[93%] sealing (after asset optimization)
[2K[1A[2K[G[94%] sealing (recording)
[2K[1A[2K[G[94%] sealing (recording HotModuleReplacementPlugin)
[2K[1A[2K[G[94%] sealing (recording)
[2K[1A[2K[G[94%] sealing (after seal)
[2K[1A[2K[G[95%] emitting (emit)
[2K[1A[2K[G[98%] emitting (after emit)
[2K[1A[2K[GBuild finished at 15:35:46 by 0.000s
[2K[1A[2K[GBuild finished at 15:35:46 by 0.000s
[2K[1A[2K[GBuild finished at 15:35:46 by 0.000s
[2K[1A[2K[G DONE  Compiled successfully in 582ms15:35:46

Build finished at 15:35:46 by 0.000s
[2K[1A[2K[G
  App running at:
  - Local:   http://localhost:8001/admin-ui/ 
  - Network: unavailable

Build finished at 15:35:46 by 0.000s
[2K[1A[2K[GBuild finished at 15:35:46 by 0.000s
[2K[1A[2K[GBuild finished at 15:35:46 by 0.000s
[2K[1A[2K[GBuild finished at 15:35:46 by 0.000s
[2K[1A[2K[GBuild finished at 15:35:46 by 0.000s
[2K[1A[2K[GBuild finished at 15:35:46 by 0.000s
[2K[1A[2K[GBuild finished at 15:35:46 by 0.000s
[2K[1A[2K[GBuild finished at 15:35:46 by 0.000s
[2K[1A[2K[G WAIT  Compiling...15:36:03

Compiling...

[2K[1A[2K[G[1%] cache (end idle)
[2K[1A[2K[G[3%] setup (watch run)
[2K[1A[2K[G[3%] setup (watch run webpack-dev-middleware)
[2K[1A[2K[G[3%] setup (watch run)
[2K[1A[2K[G[4%] setup (normal module factory)
[2K[1A[2K[G[4%] setup (normal module factory CaseSensitivePathsPlugin)
[2K[1A[2K[G[4%] setup (normal module factory)
[2K[1A[2K[G[5%] setup (context module factory)
[2K[1A[2K[G[6%] setup (before compile)
[2K[1A[2K[G[7%] setup (compile)
[2K[1A[2K[G[7%] setup (compile ExternalsPlugin)
[2K[1A[2K[G[7%] setup (compile)
[2K[1A[2K[G[8%] setup (compilation)
[2K[1A[2K[G[8%] setup (compilation HtmlWebpackPlugin)
[2K[1A[2K[G[8%] setup (compilation CopyPlugin)
[2K[1A[2K[G[8%] setup (compilation ArrayPushCallbackChunkFormatPlugin)
[2K[1A[2K[G[8%] setup (compilation JsonpChunkLoadingPlugin)
[2K[1A[2K[G[8%] setup (compilation StartupChunkDependenciesPlugin)
[2K[1A[2K[G[8%] setup (compilation ImportScriptsChunkLoadingPlugin)
[2K[1A[2K[G[8%] setup (compilation WorkerAndWorkletPlugin)
[2K[1A[2K[G[8%] setup (compilation SplitChunksPlugin)
[2K[1A[2K[G[8%] setup (compilation ResolverCachePlugin)
[2K[1A[2K[G[8%] setup (compilation)
[2K[1A[2K[G[9%] setup (compilation)
[2K[1A[2K[G[9%] setup (compilation vue-loader-plugin)
[2K[1A[2K[G[9%] setup (compilation DefinePlugin)
[2K[1A[2K[G[9%] setup (compilation ProgressPlugin)
[2K[1A[2K[G[9%] setup (compilation EntryPlugin)
[2K[1A[2K[G[9%] setup (compilation ExternalsPlugin)
[2K[1A[2K[G[9%] setup (compilation ChunkPrefetchPreloadPlugin)
[2K[1A[2K[G[9%] setup (compilation ResourceHintPlugin)
[2K[1A[2K[G[9%] setup (compilation ModuleInfoHeaderPlugin)
[2K[1A[2K[G[9%] setup (compilation EvalSourceMapDevToolPlugin)
[2K[1A[2K[G[9%] setup (compilation JavascriptModulesPlugin)
[2K[1A[2K[G[9%] setup (compilation JsonModulesPlugin)
[2K[1A[2K[G[9%] setup (compilation AssetModulesPlugin)
[2K[1A[2K[G[9%] setup (compilation EntryPlugin)
[2K[1A[2K[G[9%] setup (compilation RuntimePlugin)
[2K[1A[2K[G[9%] setup (compilation InferAsyncModulesPlugin)
[2K[1A[2K[G[9%] setup (compilation DataUriPlugin)
[2K[1A[2K[G[9%] setup (compilation FileUriPlugin)
[2K[1A[2K[G[9%] setup (compilation CompatibilityPlugin)
[2K[1A[2K[G[9%] setup (compilation HarmonyModulesPlugin)
[2K[1A[2K[G[9%] setup (compilation AMDPlugin)
[2K[1A[2K[G[9%] setup (compilation RequireJsStuffPlugin)
[2K[1A[2K[G[9%] setup (compilation CommonJsPlugin)
[2K[1A[2K[G[9%] setup (compilation LoaderPlugin)
[2K[1A[2K[G[9%] setup (compilation NodeStuffPlugin)
[2K[1A[2K[G[9%] setup (compilation APIPlugin)
[2K[1A[2K[G[9%] setup (compilation ExportsInfoApiPlugin)
[2K[1A[2K[G[9%] setup (compilation WebpackIsIncludedPlugin)
[2K[1A[2K[G[9%] setup (compilation ConstPlugin)
[2K[1A[2K[G[9%] setup (compilation UseStrictPlugin)
[2K[1A[2K[G[9%] setup (compilation RequireIncludePlugin)
[2K[1A[2K[G[9%] setup (compilation RequireEnsurePlugin)
[2K[1A[2K[G[9%] setup (compilation RequireContextPlugin)
[2K[1A[2K[G[9%] setup (compilation ImportPlugin)
[2K[1A[2K[G[9%] setup (compilation ImportMetaContextPlugin)
[2K[1A[2K[G[9%] setup (compilation SystemPlugin)
[2K[1A[2K[G[9%] setup (compilation ImportMetaPlugin)
[2K[1A[2K[G[9%] setup (compilation URLPlugin)
[2K[1A[2K[G[9%] setup (compilation DefaultStatsFactoryPlugin)
[2K[1A[2K[G[9%] setup (compilation DefaultStatsPresetPlugin)
[2K[1A[2K[G[9%] setup (compilation DefaultStatsPrinterPlugin)
[2K[1A[2K[G[9%] setup (compilation JavascriptMetaInfoPlugin)
[2K[1A[2K[G[9%] setup (compilation EnsureChunkConditionsPlugin)
[2K[1A[2K[G[9%] setup (compilation RemoveEmptyChunksPlugin)
[2K[1A[2K[G[9%] setup (compilation MergeDuplicateChunksPlugin)
[2K[1A[2K[G[9%] setup (compilation SideEffectsFlagPlugin)
[2K[1A[2K[G[9%] setup (compilation FlagDependencyExportsPlugin)
[2K[1A[2K[G[9%] setup (compilation ConstExportsPlugin)
[2K[1A[2K[G[9%] setup (compilation NamedModuleIdsPlugin)
[2K[1A[2K[G[9%] setup (compilation NamedChunkIdsPlugin)
[2K[1A[2K[G[9%] setup (compilation DefinePlugin)
[2K[1A[2K[G[9%] setup (compilation TemplatedPathPlugin)
[2K[1A[2K[G[9%] setup (compilation RecordIdsPlugin)
[2K[1A[2K[G[9%] setup (compilation WarnCaseSensitiveModulesPlugin)
[2K[1A[2K[G[9%] setup (compilation EntryPlugin)
[2K[1A[2K[G[9%] setup (compilation ProvidePlugin)
[2K[1A[2K[G[9%] setup (compilation HotModuleReplacementPlugin)
[2K[1A[2K[G[9%] setup (compilation ProgressPlugin)
[2K[1A[2K[G[9%] setup (compilation)
[2K[1A[2K[G[10%] building 
[2K[1A[2K[G[10%] building (0/0 modules)
[2K[1A[2K[G[24%] building (1/4 modules)
[2K[1A[2K[G[38%] building (71/14 modules)
[2K[1A[2K[G[51%] building (86/14 modules)
[2K[1A[2K[G[51%] building (import loader @vue/vue-loader-v15/lib/index.js)
[2K[1A[2K[G[51%] building (195/109 modules)
[2K[1A[2K[G[51%] building (import loader @vue/vue-loader-v15/lib/loaders/templateLoader.js)
[2K[1A[2K[G[51%] building (382/176 modules)
[2K[1A[2K[G[51%] building (import loader css-loader/dist/cjs.js)
[2K[1A[2K[G[51%] building (import loader @vue/vue-loader-v15/lib/loaders/stylePostLoader.js
)
[2K[1A[2K[1A[2K[G[51%] building (import loader postcss-loader/dist/cjs.js)
[2K[1A[2K[G[51%] building (386/177 modules)
[2K[1A[2K[G[65%] building (395/179 modules)
[2K[1A[2K[G[65%] building 
[2K[1A[2K[G[69%] building (finish)
[2K[1A[2K[G[70%] sealing (finish module graph)
[2K[1A[2K[G[70%] sealing (finish module graph ResolverCachePlugin)
[2K[1A[2K[G[70%] sealing (finish module graph InferAsyncModulesPlugin)
[2K[1A[2K[G[70%] sealing (finish module graph FlagDependencyExportsPlugin)
[2K[1A[2K[G[70%] sealing (finish module graph)
[2K[1A[2K[G[71%] sealing (plugins)
[2K[1A[2K[G[71%] sealing (plugins WarnCaseSensitiveModulesPlugin)
[2K[1A[2K[G[71%] sealing (plugins)
[2K[1A[2K[G[71%] sealing (dependencies optimization)
[2K[1A[2K[G[71%] sealing (dependencies optimization SideEffectsFlagPlugin)
[2K[1A[2K[G[71%] sealing (dependencies optimization)
[2K[1A[2K[G[72%] sealing (after dependencies optimization)
[2K[1A[2K[G[73%] sealing (chunk graph)
[2K[1A[2K[G[73%] sealing (after chunk graph)
[2K[1A[2K[G[74%] sealing (optimizing)
[2K[1A[2K[G[74%] sealing (module optimization)
[2K[1A[2K[G[75%] sealing (after module optimization)
[2K[1A[2K[G[76%] sealing (chunk optimization)
[2K[1A[2K[G[76%] sealing (chunk optimization EnsureChunkConditionsPlugin)
[2K[1A[2K[G[76%] sealing (chunk optimization RemoveEmptyChunksPlugin)
[2K[1A[2K[G[76%] sealing (chunk optimization MergeDuplicateChunksPlugin)
[2K[1A[2K[G[76%] sealing (chunk optimization SplitChunksPlugin)
[2K[1A[2K[G[76%] sealing (chunk optimization RemoveEmptyChunksPlugin)
[2K[1A[2K[G[76%] sealing (chunk optimization)
[2K[1A[2K[G[76%] sealing (after chunk optimization)
[2K[1A[2K[G[77%] sealing (module and chunk tree optimization)
[2K[1A[2K[G[77%] sealing (module and chunk tree optimization PersistentChildCompilerSinglet
onPlugin)
[2K[1A[2K[1A[2K[G[77%] sealing (module and chunk tree optimization)
[2K[1A[2K[G[78%] sealing (after module and chunk tree optimization)
[2K[1A[2K[G[78%] sealing (chunk modules optimization)
[2K[1A[2K[G[79%] sealing (after chunk modules optimization)
[2K[1A[2K[G[80%] sealing (module reviving)
[2K[1A[2K[G[80%] sealing (module reviving RecordIdsPlugin)
[2K[1A[2K[G[80%] sealing (module reviving)
[2K[1A[2K[G[80%] sealing (before module ids)
[2K[1A[2K[G[81%] sealing (module ids)
[2K[1A[2K[G[81%] sealing (module ids NamedModuleIdsPlugin)
[2K[1A[2K[G[81%] sealing (module ids)
[2K[1A[2K[G[82%] sealing (module id optimization)
[2K[1A[2K[G[82%] sealing (module id optimization)
[2K[1A[2K[G[83%] sealing (chunk reviving)
[2K[1A[2K[G[83%] sealing (chunk reviving RecordIdsPlugin)
[2K[1A[2K[G[83%] sealing (chunk reviving)
[2K[1A[2K[G[83%] sealing (before chunk ids)
[2K[1A[2K[G[84%] sealing (chunk ids)
[2K[1A[2K[G[84%] sealing (chunk ids NamedChunkIdsPlugin)
[2K[1A[2K[G[84%] sealing (chunk ids)
[2K[1A[2K[G[85%] sealing (chunk id optimization)
[2K[1A[2K[G[85%] sealing (after chunk id optimization)
[2K[1A[2K[G[86%] sealing (record modules)
[2K[1A[2K[G[86%] sealing (record modules RecordIdsPlugin)
[2K[1A[2K[G[86%] sealing (record modules)
[2K[1A[2K[G[87%] sealing (record chunks)
[2K[1A[2K[G[87%] sealing (record chunks RecordIdsPlugin)
[2K[1A[2K[G[87%] sealing (record chunks)
[2K[1A[2K[G[87%] sealing (module hashing)
[2K[1A[2K[G[88%] sealing (code generation)
[2K[1A[2K[G[89%] sealing (runtime requirements)
[2K[1A[2K[G[89%] sealing (hashing)
[2K[1A[2K[G[90%] sealing (after hashing)
[2K[1A[2K[G[91%] sealing (record hash)
[2K[1A[2K[G[91%] sealing (module assets processing)
[2K[1A[2K[G[92%] sealing (chunk assets processing)
[2K[1A[2K[G[92%] sealing (asset processing)
[2K[1A[2K[G[92%] sealing (asset processing copy-webpack-plugin)
[2K[1A[2K[G[92%] sealing (asset processing HotModuleReplacementPlugin)
[2K[1A[2K[G[92%] sealing (asset processing PersistentChildCompilerSingletonPlugin)
[2K[1A[2K[G[92%] sealing (asset processing HtmlWebpackPlugin)
[2K[1A[2K[G[92%] sealing (asset processing)
[2K[1A[2K[G[93%] sealing (after asset optimization)
[2K[1A[2K[G[94%] sealing (recording)
[2K[1A[2K[G[94%] sealing (recording HotModuleReplacementPlugin)
[2K[1A[2K[G[94%] sealing (recording)
[2K[1A[2K[G[94%] sealing (after seal)
[2K[1A[2K[G[95%] emitting (emit)
[2K[1A[2K[G[98%] emitting (after emit)
[2K[1A[2K[GBuild finished at 15:36:04 by 0.000s
[2K[1A[2K[GBuild finished at 15:36:04 by 0.000s
[2K[1A[2K[GBuild finished at 15:36:04 by 0.000s
[2K[1A[2K[G DONE  Compiled successfully in 546ms15:36:04

Build finished at 15:36:04 by 0.000s
[2K[1A[2K[G
  App running at:
  - Local:   http://localhost:8001/admin-ui/ 
  - Network: unavailable

Build finished at 15:36:04 by 0.000s
[2K[1A[2K[GBuild finished at 15:36:04 by 0.000s
[2K[1A[2K[GBuild finished at 15:36:04 by 0.000s
[2K[1A[2K[GBuild finished at 15:36:04 by 0.000s
[2K[1A[2K[GBuild finished at 15:36:04 by 0.000s
[2K[1A[2K[GBuild finished at 15:36:04 by 0.000s
[2K[1A[2K[GBuild finished at 15:36:04 by 0.000s
[2K[1A[2K[GBuild finished at 15:36:04 by 0.000s
[2K[1A[2K[G WAIT  Compiling...15:36:19

Compiling...

[2K[1A[2K[G[1%] cache (end idle)
[2K[1A[2K[G[3%] setup (watch run)
[2K[1A[2K[G[3%] setup (watch run webpack-dev-middleware)
[2K[1A[2K[G[3%] setup (watch run)
[2K[1A[2K[G[4%] setup (normal module factory)
[2K[1A[2K[G[4%] setup (normal module factory CaseSensitivePathsPlugin)
[2K[1A[2K[G[4%] setup (normal module factory)
[2K[1A[2K[G[5%] setup (context module factory)
[2K[1A[2K[G[6%] setup (before compile)
[2K[1A[2K[G[7%] setup (compile)
[2K[1A[2K[G[7%] setup (compile ExternalsPlugin)
[2K[1A[2K[G[7%] setup (compile)
[2K[1A[2K[G[8%] setup (compilation)
[2K[1A[2K[G[8%] setup (compilation HtmlWebpackPlugin)
[2K[1A[2K[G[8%] setup (compilation CopyPlugin)
[2K[1A[2K[G[8%] setup (compilation ArrayPushCallbackChunkFormatPlugin)
[2K[1A[2K[G[8%] setup (compilation JsonpChunkLoadingPlugin)
[2K[1A[2K[G[8%] setup (compilation StartupChunkDependenciesPlugin)
[2K[1A[2K[G[8%] setup (compilation ImportScriptsChunkLoadingPlugin)
[2K[1A[2K[G[8%] setup (compilation WorkerAndWorkletPlugin)
[2K[1A[2K[G[8%] setup (compilation SplitChunksPlugin)
[2K[1A[2K[G[8%] setup (compilation ResolverCachePlugin)
[2K[1A[2K[G[8%] setup (compilation)
[2K[1A[2K[G[9%] setup (compilation)
[2K[1A[2K[G[9%] setup (compilation vue-loader-plugin)
[2K[1A[2K[G[9%] setup (compilation DefinePlugin)
[2K[1A[2K[G[9%] setup (compilation ProgressPlugin)
[2K[1A[2K[G[9%] setup (compilation EntryPlugin)
[2K[1A[2K[G[9%] setup (compilation ExternalsPlugin)
[2K[1A[2K[G[9%] setup (compilation ChunkPrefetchPreloadPlugin)
[2K[1A[2K[G[9%] setup (compilation ResourceHintPlugin)
[2K[1A[2K[G[9%] setup (compilation ModuleInfoHeaderPlugin)
[2K[1A[2K[G[9%] setup (compilation EvalSourceMapDevToolPlugin)
[2K[1A[2K[G[9%] setup (compilation JavascriptModulesPlugin)
[2K[1A[2K[G[9%] setup (compilation JsonModulesPlugin)
[2K[1A[2K[G[9%] setup (compilation AssetModulesPlugin)
[2K[1A[2K[G[9%] setup (compilation EntryPlugin)
[2K[1A[2K[G[9%] setup (compilation RuntimePlugin)
[2K[1A[2K[G[9%] setup (compilation InferAsyncModulesPlugin)
[2K[1A[2K[G[9%] setup (compilation DataUriPlugin)
[2K[1A[2K[G[9%] setup (compilation FileUriPlugin)
[2K[1A[2K[G[9%] setup (compilation CompatibilityPlugin)
[2K[1A[2K[G[9%] setup (compilation HarmonyModulesPlugin)
[2K[1A[2K[G[9%] setup (compilation AMDPlugin)
[2K[1A[2K[G[9%] setup (compilation RequireJsStuffPlugin)
[2K[1A[2K[G[9%] setup (compilation CommonJsPlugin)
[2K[1A[2K[G[9%] setup (compilation LoaderPlugin)
[2K[1A[2K[G[9%] setup (compilation NodeStuffPlugin)
[2K[1A[2K[G[9%] setup (compilation APIPlugin)
[2K[1A[2K[G[9%] setup (compilation ExportsInfoApiPlugin)
[2K[1A[2K[G[9%] setup (compilation WebpackIsIncludedPlugin)
[2K[1A[2K[G[9%] setup (compilation ConstPlugin)
[2K[1A[2K[G[9%] setup (compilation UseStrictPlugin)
[2K[1A[2K[G[9%] setup (compilation RequireIncludePlugin)
[2K[1A[2K[G[9%] setup (compilation RequireEnsurePlugin)
[2K[1A[2K[G[9%] setup (compilation RequireContextPlugin)
[2K[1A[2K[G[9%] setup (compilation ImportPlugin)
[2K[1A[2K[G[9%] setup (compilation ImportMetaContextPlugin)
[2K[1A[2K[G[9%] setup (compilation SystemPlugin)
[2K[1A[2K[G[9%] setup (compilation ImportMetaPlugin)
[2K[1A[2K[G[9%] setup (compilation URLPlugin)
[2K[1A[2K[G[9%] setup (compilation DefaultStatsFactoryPlugin)
[2K[1A[2K[G[9%] setup (compilation DefaultStatsPresetPlugin)
[2K[1A[2K[G[9%] setup (compilation DefaultStatsPrinterPlugin)
[2K[1A[2K[G[9%] setup (compilation JavascriptMetaInfoPlugin)
[2K[1A[2K[G[9%] setup (compilation EnsureChunkConditionsPlugin)
[2K[1A[2K[G[9%] setup (compilation RemoveEmptyChunksPlugin)
[2K[1A[2K[G[9%] setup (compilation MergeDuplicateChunksPlugin)
[2K[1A[2K[G[9%] setup (compilation SideEffectsFlagPlugin)
[2K[1A[2K[G[9%] setup (compilation FlagDependencyExportsPlugin)
[2K[1A[2K[G[9%] setup (compilation ConstExportsPlugin)
[2K[1A[2K[G[9%] setup (compilation NamedModuleIdsPlugin)
[2K[1A[2K[G[9%] setup (compilation NamedChunkIdsPlugin)
[2K[1A[2K[G[9%] setup (compilation DefinePlugin)
[2K[1A[2K[G[9%] setup (compilation TemplatedPathPlugin)
[2K[1A[2K[G[9%] setup (compilation RecordIdsPlugin)
[2K[1A[2K[G[9%] setup (compilation WarnCaseSensitiveModulesPlugin)
[2K[1A[2K[G[9%] setup (compilation EntryPlugin)
[2K[1A[2K[G[9%] setup (compilation ProvidePlugin)
[2K[1A[2K[G[9%] setup (compilation HotModuleReplacementPlugin)
[2K[1A[2K[G[9%] setup (compilation ProgressPlugin)
[2K[1A[2K[G[9%] setup (compilation)
[2K[1A[2K[G[10%] building 
[2K[1A[2K[G[10%] building (0/0 modules)
[2K[1A[2K[G[24%] building (1/4 modules)
[2K[1A[2K[G[38%] building (71/14 modules)
[2K[1A[2K[G[51%] building (86/14 modules)
[2K[1A[2K[G[51%] building (import loader @vue/vue-loader-v15/lib/index.js)
[2K[1A[2K[G[51%] building (195/109 modules)
[2K[1A[2K[G[51%] building (import loader @vue/vue-loader-v15/lib/loaders/templateLoader.js)
[2K[1A[2K[G[51%] building (382/176 modules)
[2K[1A[2K[G[51%] building (import loader css-loader/dist/cjs.js)
[2K[1A[2K[G[51%] building (import loader @vue/vue-loader-v15/lib/loaders/stylePostLoader.js
)
[2K[1A[2K[1A[2K[G[51%] building (import loader postcss-loader/dist/cjs.js)
[2K[1A[2K[G[51%] building (386/177 modules)
[2K[1A[2K[G[65%] building (395/179 modules)
[2K[1A[2K[G[65%] building 
[2K[1A[2K[G[69%] building (finish)
[2K[1A[2K[G[70%] sealing (finish module graph)
[2K[1A[2K[G[70%] sealing (finish module graph ResolverCachePlugin)
[2K[1A[2K[G[70%] sealing (finish module graph InferAsyncModulesPlugin)
[2K[1A[2K[G[70%] sealing (finish module graph FlagDependencyExportsPlugin)
[2K[1A[2K[G[70%] sealing (finish module graph)
[2K[1A[2K[G[71%] sealing (plugins)
[2K[1A[2K[G[71%] sealing (plugins WarnCaseSensitiveModulesPlugin)
[2K[1A[2K[G[71%] sealing (plugins)
[2K[1A[2K[G[71%] sealing (dependencies optimization)
[2K[1A[2K[G[71%] sealing (dependencies optimization SideEffectsFlagPlugin)
[2K[1A[2K[G[71%] sealing (dependencies optimization)
[2K[1A[2K[G[72%] sealing (after dependencies optimization)
[2K[1A[2K[G[73%] sealing (chunk graph)
[2K[1A[2K[G[73%] sealing (after chunk graph)
[2K[1A[2K[G[74%] sealing (optimizing)
[2K[1A[2K[G[74%] sealing (module optimization)
[2K[1A[2K[G[75%] sealing (after module optimization)
[2K[1A[2K[G[76%] sealing (chunk optimization)
[2K[1A[2K[G[76%] sealing (chunk optimization EnsureChunkConditionsPlugin)
[2K[1A[2K[G[76%] sealing (chunk optimization RemoveEmptyChunksPlugin)
[2K[1A[2K[G[76%] sealing (chunk optimization MergeDuplicateChunksPlugin)
[2K[1A[2K[G[76%] sealing (chunk optimization SplitChunksPlugin)
[2K[1A[2K[G[76%] sealing (chunk optimization RemoveEmptyChunksPlugin)
[2K[1A[2K[G[76%] sealing (chunk optimization)
[2K[1A[2K[G[76%] sealing (after chunk optimization)
[2K[1A[2K[G[77%] sealing (module and chunk tree optimization)
[2K[1A[2K[G[77%] sealing (module and chunk tree optimization PersistentChildCompilerSinglet
onPlugin)
[2K[1A[2K[1A[2K[G[77%] sealing (module and chunk tree optimization)
[2K[1A[2K[G[78%] sealing (after module and chunk tree optimization)
[2K[1A[2K[G[78%] sealing (chunk modules optimization)
[2K[1A[2K[G[79%] sealing (after chunk modules optimization)
[2K[1A[2K[G[80%] sealing (module reviving)
[2K[1A[2K[G[80%] sealing (module reviving RecordIdsPlugin)
[2K[1A[2K[G[80%] sealing (module reviving)
[2K[1A[2K[G[80%] sealing (before module ids)
[2K[1A[2K[G[81%] sealing (module ids)
[2K[1A[2K[G[81%] sealing (module ids NamedModuleIdsPlugin)
[2K[1A[2K[G[81%] sealing (module ids)
[2K[1A[2K[G[82%] sealing (module id optimization)
[2K[1A[2K[G[82%] sealing (module id optimization)
[2K[1A[2K[G[83%] sealing (chunk reviving)
[2K[1A[2K[G[83%] sealing (chunk reviving RecordIdsPlugin)
[2K[1A[2K[G[83%] sealing (chunk reviving)
[2K[1A[2K[G[83%] sealing (before chunk ids)
[2K[1A[2K[G[84%] sealing (chunk ids)
[2K[1A[2K[G[84%] sealing (chunk ids NamedChunkIdsPlugin)
[2K[1A[2K[G[84%] sealing (chunk ids)
[2K[1A[2K[G[85%] sealing (chunk id optimization)
[2K[1A[2K[G[85%] sealing (after chunk id optimization)
[2K[1A[2K[G[86%] sealing (record modules)
[2K[1A[2K[G[86%] sealing (record modules RecordIdsPlugin)
[2K[1A[2K[G[86%] sealing (record modules)
[2K[1A[2K[G[87%] sealing (record chunks)
[2K[1A[2K[G[87%] sealing (record chunks RecordIdsPlugin)
[2K[1A[2K[G[87%] sealing (record chunks)
[2K[1A[2K[G[87%] sealing (module hashing)
[2K[1A[2K[G[88%] sealing (code generation)
[2K[1A[2K[G[89%] sealing (runtime requirements)
[2K[1A[2K[G[89%] sealing (hashing)
[2K[1A[2K[G[90%] sealing (after hashing)
[2K[1A[2K[G[91%] sealing (record hash)
[2K[1A[2K[G[91%] sealing (module assets processing)
[2K[1A[2K[G[92%] sealing (chunk assets processing)
[2K[1A[2K[G[92%] sealing (asset processing)
[2K[1A[2K[G[92%] sealing (asset processing copy-webpack-plugin)
[2K[1A[2K[G[92%] sealing (asset processing HotModuleReplacementPlugin)
[2K[1A[2K[G[92%] sealing (asset processing PersistentChildCompilerSingletonPlugin)
[2K[1A[2K[G[92%] sealing (asset processing HtmlWebpackPlugin)
[2K[1A[2K[G[92%] sealing (asset processing)
[2K[1A[2K[G[93%] sealing (after asset optimization)
[2K[1A[2K[G[94%] sealing (recording)
[2K[1A[2K[G[94%] sealing (recording HotModuleReplacementPlugin)
[2K[1A[2K[G[94%] sealing (recording)
[2K[1A[2K[G[94%] sealing (after seal)
[2K[1A[2K[G[95%] emitting (emit)
[2K[1A[2K[G[98%] emitting (after emit)
[2K[1A[2K[GBuild finished at 15:36:19 by 0.000s
[2K[1A[2K[GBuild finished at 15:36:19 by 0.000s
[2K[1A[2K[GBuild finished at 15:36:19 by 0.000s
[2K[1A[2K[G DONE  Compiled successfully in 401ms15:36:19

Build finished at 15:36:19 by 0.000s
[2K[1A[2K[G
  App running at:
  - Local:   http://localhost:8001/admin-ui/ 
  - Network: unavailable

Build finished at 15:36:19 by 0.000s
[2K[1A[2K[GBuild finished at 15:36:19 by 0.000s
[2K[1A[2K[GBuild finished at 15:36:19 by 0.000s
[2K[1A[2K[GBuild finished at 15:36:19 by 0.000s
[2K[1A[2K[GBuild finished at 15:36:19 by 0.000s
[2K[1A[2K[GBuild finished at 15:36:19 by 0.000s
[2K[1A[2K[GBuild finished at 15:36:19 by 0.000s
[2K[1A[2K[GBuild finished at 15:36:19 by 0.000s
[2K[1A[2K[G WAIT  Compiling...15:36:30

Compiling...

[2K[1A[2K[G[1%] cache (end idle)
[2K[1A[2K[G[3%] setup (watch run)
[2K[1A[2K[G[3%] setup (watch run webpack-dev-middleware)
[2K[1A[2K[G[3%] setup (watch run)
[2K[1A[2K[G[4%] setup (normal module factory)
[2K[1A[2K[G[4%] setup (normal module factory CaseSensitivePathsPlugin)
[2K[1A[2K[G[4%] setup (normal module factory)
[2K[1A[2K[G[5%] setup (context module factory)
[2K[1A[2K[G[6%] setup (before compile)
[2K[1A[2K[G[7%] setup (compile)
[2K[1A[2K[G[7%] setup (compile ExternalsPlugin)
[2K[1A[2K[G[7%] setup (compile)
[2K[1A[2K[G[8%] setup (compilation)
[2K[1A[2K[G[8%] setup (compilation HtmlWebpackPlugin)
[2K[1A[2K[G[8%] setup (compilation CopyPlugin)
[2K[1A[2K[G[8%] setup (compilation ArrayPushCallbackChunkFormatPlugin)
[2K[1A[2K[G[8%] setup (compilation JsonpChunkLoadingPlugin)
[2K[1A[2K[G[8%] setup (compilation StartupChunkDependenciesPlugin)
[2K[1A[2K[G[8%] setup (compilation ImportScriptsChunkLoadingPlugin)
[2K[1A[2K[G[8%] setup (compilation WorkerAndWorkletPlugin)
[2K[1A[2K[G[8%] setup (compilation SplitChunksPlugin)
[2K[1A[2K[G[8%] setup (compilation ResolverCachePlugin)
[2K[1A[2K[G[8%] setup (compilation)
[2K[1A[2K[G[9%] setup (compilation)
[2K[1A[2K[G[9%] setup (compilation vue-loader-plugin)
[2K[1A[2K[G[9%] setup (compilation DefinePlugin)
[2K[1A[2K[G[9%] setup (compilation ProgressPlugin)
[2K[1A[2K[G[9%] setup (compilation EntryPlugin)
[2K[1A[2K[G[9%] setup (compilation ExternalsPlugin)
[2K[1A[2K[G[9%] setup (compilation ChunkPrefetchPreloadPlugin)
[2K[1A[2K[G[9%] setup (compilation ResourceHintPlugin)
[2K[1A[2K[G[9%] setup (compilation ModuleInfoHeaderPlugin)
[2K[1A[2K[G[9%] setup (compilation EvalSourceMapDevToolPlugin)
[2K[1A[2K[G[9%] setup (compilation JavascriptModulesPlugin)
[2K[1A[2K[G[9%] setup (compilation JsonModulesPlugin)
[2K[1A[2K[G[9%] setup (compilation AssetModulesPlugin)
[2K[1A[2K[G[9%] setup (compilation EntryPlugin)
[2K[1A[2K[G[9%] setup (compilation RuntimePlugin)
[2K[1A[2K[G[9%] setup (compilation InferAsyncModulesPlugin)
[2K[1A[2K[G[9%] setup (compilation DataUriPlugin)
[2K[1A[2K[G[9%] setup (compilation FileUriPlugin)
[2K[1A[2K[G[9%] setup (compilation CompatibilityPlugin)
[2K[1A[2K[G[9%] setup (compilation HarmonyModulesPlugin)
[2K[1A[2K[G[9%] setup (compilation AMDPlugin)
[2K[1A[2K[G[9%] setup (compilation RequireJsStuffPlugin)
[2K[1A[2K[G[9%] setup (compilation CommonJsPlugin)
[2K[1A[2K[G[9%] setup (compilation LoaderPlugin)
[2K[1A[2K[G[9%] setup (compilation NodeStuffPlugin)
[2K[1A[2K[G[9%] setup (compilation APIPlugin)
[2K[1A[2K[G[9%] setup (compilation ExportsInfoApiPlugin)
[2K[1A[2K[G[9%] setup (compilation WebpackIsIncludedPlugin)
[2K[1A[2K[G[9%] setup (compilation ConstPlugin)
[2K[1A[2K[G[9%] setup (compilation UseStrictPlugin)
[2K[1A[2K[G[9%] setup (compilation RequireIncludePlugin)
[2K[1A[2K[G[9%] setup (compilation RequireEnsurePlugin)
[2K[1A[2K[G[9%] setup (compilation RequireContextPlugin)
[2K[1A[2K[G[9%] setup (compilation ImportPlugin)
[2K[1A[2K[G[9%] setup (compilation ImportMetaContextPlugin)
[2K[1A[2K[G[9%] setup (compilation SystemPlugin)
[2K[1A[2K[G[9%] setup (compilation ImportMetaPlugin)
[2K[1A[2K[G[9%] setup (compilation URLPlugin)
[2K[1A[2K[G[9%] setup (compilation DefaultStatsFactoryPlugin)
[2K[1A[2K[G[9%] setup (compilation DefaultStatsPresetPlugin)
[2K[1A[2K[G[9%] setup (compilation DefaultStatsPrinterPlugin)
[2K[1A[2K[G[9%] setup (compilation JavascriptMetaInfoPlugin)
[2K[1A[2K[G[9%] setup (compilation EnsureChunkConditionsPlugin)
[2K[1A[2K[G[9%] setup (compilation RemoveEmptyChunksPlugin)
[2K[1A[2K[G[9%] setup (compilation MergeDuplicateChunksPlugin)
[2K[1A[2K[G[9%] setup (compilation SideEffectsFlagPlugin)
[2K[1A[2K[G[9%] setup (compilation FlagDependencyExportsPlugin)
[2K[1A[2K[G[9%] setup (compilation ConstExportsPlugin)
[2K[1A[2K[G[9%] setup (compilation NamedModuleIdsPlugin)
[2K[1A[2K[G[9%] setup (compilation NamedChunkIdsPlugin)
[2K[1A[2K[G[9%] setup (compilation DefinePlugin)
[2K[1A[2K[G[9%] setup (compilation TemplatedPathPlugin)
[2K[1A[2K[G[9%] setup (compilation RecordIdsPlugin)
[2K[1A[2K[G[9%] setup (compilation WarnCaseSensitiveModulesPlugin)
[2K[1A[2K[G[9%] setup (compilation EntryPlugin)
[2K[1A[2K[G[9%] setup (compilation ProvidePlugin)
[2K[1A[2K[G[9%] setup (compilation HotModuleReplacementPlugin)
[2K[1A[2K[G[9%] setup (compilation ProgressPlugin)
[2K[1A[2K[G[9%] setup (compilation)
[2K[1A[2K[G[10%] building 
[2K[1A[2K[G[10%] building (0/0 modules)
[2K[1A[2K[G[24%] building (1/4 modules)
[2K[1A[2K[G[38%] building (71/14 modules)
[2K[1A[2K[G[51%] building (86/14 modules)
[2K[1A[2K[G[51%] building (import loader @vue/vue-loader-v15/lib/index.js)
[2K[1A[2K[G[51%] building (195/109 modules)
[2K[1A[2K[G[51%] building (import loader @vue/vue-loader-v15/lib/loaders/templateLoader.js)
[2K[1A[2K[G[51%] building (382/176 modules)
[2K[1A[2K[G[51%] building (import loader css-loader/dist/cjs.js)
[2K[1A[2K[G[51%] building (import loader @vue/vue-loader-v15/lib/loaders/stylePostLoader.js
)
[2K[1A[2K[1A[2K[G[51%] building (import loader postcss-loader/dist/cjs.js)
[2K[1A[2K[G[51%] building (386/177 modules)
[2K[1A[2K[G[65%] building (395/179 modules)
[2K[1A[2K[G[65%] building 
[2K[1A[2K[G[69%] building (finish)
[2K[1A[2K[G[70%] sealing (finish module graph)
[2K[1A[2K[G[70%] sealing (finish module graph ResolverCachePlugin)
[2K[1A[2K[G[70%] sealing (finish module graph InferAsyncModulesPlugin)
[2K[1A[2K[G[70%] sealing (finish module graph FlagDependencyExportsPlugin)
[2K[1A[2K[G[70%] sealing (finish module graph)
[2K[1A[2K[G[71%] sealing (plugins)
[2K[1A[2K[G[71%] sealing (plugins WarnCaseSensitiveModulesPlugin)
[2K[1A[2K[G[71%] sealing (plugins)
[2K[1A[2K[G[71%] sealing (dependencies optimization)
[2K[1A[2K[G[71%] sealing (dependencies optimization SideEffectsFlagPlugin)
[2K[1A[2K[G[71%] sealing (dependencies optimization)
[2K[1A[2K[G[72%] sealing (after dependencies optimization)
[2K[1A[2K[G[73%] sealing (chunk graph)
[2K[1A[2K[G[73%] sealing (after chunk graph)
[2K[1A[2K[G[74%] sealing (optimizing)
[2K[1A[2K[G[74%] sealing (module optimization)
[2K[1A[2K[G[75%] sealing (after module optimization)
[2K[1A[2K[G[76%] sealing (chunk optimization)
[2K[1A[2K[G[76%] sealing (chunk optimization EnsureChunkConditionsPlugin)
[2K[1A[2K[G[76%] sealing (chunk optimization RemoveEmptyChunksPlugin)
[2K[1A[2K[G[76%] sealing (chunk optimization MergeDuplicateChunksPlugin)
[2K[1A[2K[G[76%] sealing (chunk optimization SplitChunksPlugin)
[2K[1A[2K[G[76%] sealing (chunk optimization RemoveEmptyChunksPlugin)
[2K[1A[2K[G[76%] sealing (chunk optimization)
[2K[1A[2K[G[76%] sealing (after chunk optimization)
[2K[1A[2K[G[77%] sealing (module and chunk tree optimization)
[2K[1A[2K[G[77%] sealing (module and chunk tree optimization PersistentChildCompilerSinglet
onPlugin)
[2K[1A[2K[1A[2K[G[77%] sealing (module and chunk tree optimization)
[2K[1A[2K[G[78%] sealing (after module and chunk tree optimization)
[2K[1A[2K[G[78%] sealing (chunk modules optimization)
[2K[1A[2K[G[79%] sealing (after chunk modules optimization)
[2K[1A[2K[G[80%] sealing (module reviving)
[2K[1A[2K[G[80%] sealing (module reviving RecordIdsPlugin)
[2K[1A[2K[G[80%] sealing (module reviving)
[2K[1A[2K[G[80%] sealing (before module ids)
[2K[1A[2K[G[81%] sealing (module ids)
[2K[1A[2K[G[81%] sealing (module ids NamedModuleIdsPlugin)
[2K[1A[2K[G[81%] sealing (module ids)
[2K[1A[2K[G[82%] sealing (module id optimization)
[2K[1A[2K[G[82%] sealing (module id optimization)
[2K[1A[2K[G[83%] sealing (chunk reviving)
[2K[1A[2K[G[83%] sealing (chunk reviving RecordIdsPlugin)
[2K[1A[2K[G[83%] sealing (chunk reviving)
[2K[1A[2K[G[83%] sealing (before chunk ids)
[2K[1A[2K[G[84%] sealing (chunk ids)
[2K[1A[2K[G[84%] sealing (chunk ids NamedChunkIdsPlugin)
[2K[1A[2K[G[84%] sealing (chunk ids)
[2K[1A[2K[G[85%] sealing (chunk id optimization)
[2K[1A[2K[G[85%] sealing (after chunk id optimization)
[2K[1A[2K[G[86%] sealing (record modules)
[2K[1A[2K[G[86%] sealing (record modules RecordIdsPlugin)
[2K[1A[2K[G[86%] sealing (record modules)
[2K[1A[2K[G[87%] sealing (record chunks)
[2K[1A[2K[G[87%] sealing (record chunks RecordIdsPlugin)
[2K[1A[2K[G[87%] sealing (record chunks)
[2K[1A[2K[G[87%] sealing (module hashing)
[2K[1A[2K[G[88%] sealing (code generation)
[2K[1A[2K[G[89%] sealing (runtime requirements)
[2K[1A[2K[G[89%] sealing (hashing)
[2K[1A[2K[G[90%] sealing (after hashing)
[2K[1A[2K[G[91%] sealing (record hash)
[2K[1A[2K[G[91%] sealing (module assets processing)
[2K[1A[2K[G[92%] sealing (chunk assets processing)
[2K[1A[2K[G[92%] sealing (asset processing)
[2K[1A[2K[G[92%] sealing (asset processing copy-webpack-plugin)
[2K[1A[2K[G[92%] sealing (asset processing HotModuleReplacementPlugin)
[2K[1A[2K[G[92%] sealing (asset processing PersistentChildCompilerSingletonPlugin)
[2K[1A[2K[G[92%] sealing (asset processing HtmlWebpackPlugin)
[2K[1A[2K[G[92%] sealing (asset processing)
[2K[1A[2K[G[93%] sealing (after asset optimization)
[2K[1A[2K[G[94%] sealing (recording)
[2K[1A[2K[G[94%] sealing (recording HotModuleReplacementPlugin)
[2K[1A[2K[G[94%] sealing (recording)
[2K[1A[2K[G[94%] sealing (after seal)
[2K[1A[2K[G[95%] emitting (emit)
[2K[1A[2K[G[98%] emitting (after emit)
[2K[1A[2K[GBuild finished at 15:36:31 by 0.000s
[2K[1A[2K[GBuild finished at 15:36:31 by 0.000s
[2K[1A[2K[GBuild finished at 15:36:31 by 0.000s
[2K[1A[2K[G DONE  Compiled successfully in 407ms15:36:31

Build finished at 15:36:31 by 0.000s
[2K[1A[2K[G
  App running at:
  - Local:   http://localhost:8001/admin-ui/ 
  - Network: unavailable

Build finished at 15:36:31 by 0.000s
[2K[1A[2K[GBuild finished at 15:36:31 by 0.000s
[2K[1A[2K[GBuild finished at 15:36:31 by 0.000s
[2K[1A[2K[GBuild finished at 15:36:31 by 0.000s
[2K[1A[2K[GBuild finished at 15:36:31 by 0.000s
[2K[1A[2K[GBuild finished at 15:36:31 by 0.000s
[2K[1A[2K[GBuild finished at 15:36:31 by 0.000s
[2K[1A[2K[GBuild finished at 15:36:31 by 0.000s
[2K[1A[2K[G WAIT  Compiling...15:41:54

Compiling...

[2K[1A[2K[G[1%] cache (end idle)
[2K[1A[2K[G[3%] setup (watch run)
[2K[1A[2K[G[3%] setup (watch run webpack-dev-middleware)
[2K[1A[2K[G[3%] setup (watch run)
[2K[1A[2K[G[4%] setup (normal module factory)
[2K[1A[2K[G[4%] setup (normal module factory CaseSensitivePathsPlugin)
[2K[1A[2K[G[4%] setup (normal module factory)
[2K[1A[2K[G[5%] setup (context module factory)
[2K[1A[2K[G[6%] setup (before compile)
[2K[1A[2K[G[7%] setup (compile)
[2K[1A[2K[G[7%] setup (compile ExternalsPlugin)
[2K[1A[2K[G[7%] setup (compile)
[2K[1A[2K[G[8%] setup (compilation)
[2K[1A[2K[G[8%] setup (compilation HtmlWebpackPlugin)
[2K[1A[2K[G[8%] setup (compilation CopyPlugin)
[2K[1A[2K[G[8%] setup (compilation ArrayPushCallbackChunkFormatPlugin)
[2K[1A[2K[G[8%] setup (compilation JsonpChunkLoadingPlugin)
[2K[1A[2K[G[8%] setup (compilation StartupChunkDependenciesPlugin)
[2K[1A[2K[G[8%] setup (compilation ImportScriptsChunkLoadingPlugin)
[2K[1A[2K[G[8%] setup (compilation WorkerAndWorkletPlugin)
[2K[1A[2K[G[8%] setup (compilation SplitChunksPlugin)
[2K[1A[2K[G[8%] setup (compilation ResolverCachePlugin)
[2K[1A[2K[G[8%] setup (compilation)
[2K[1A[2K[G[9%] setup (compilation)
[2K[1A[2K[G[9%] setup (compilation vue-loader-plugin)
[2K[1A[2K[G[9%] setup (compilation DefinePlugin)
[2K[1A[2K[G[9%] setup (compilation ProgressPlugin)
[2K[1A[2K[G[9%] setup (compilation EntryPlugin)
[2K[1A[2K[G[9%] setup (compilation ExternalsPlugin)
[2K[1A[2K[G[9%] setup (compilation ChunkPrefetchPreloadPlugin)
[2K[1A[2K[G[9%] setup (compilation ResourceHintPlugin)
[2K[1A[2K[G[9%] setup (compilation ModuleInfoHeaderPlugin)
[2K[1A[2K[G[9%] setup (compilation EvalSourceMapDevToolPlugin)
[2K[1A[2K[G[9%] setup (compilation JavascriptModulesPlugin)
[2K[1A[2K[G[9%] setup (compilation JsonModulesPlugin)
[2K[1A[2K[G[9%] setup (compilation AssetModulesPlugin)
[2K[1A[2K[G[9%] setup (compilation EntryPlugin)
[2K[1A[2K[G[9%] setup (compilation RuntimePlugin)
[2K[1A[2K[G[9%] setup (compilation InferAsyncModulesPlugin)
[2K[1A[2K[G[9%] setup (compilation DataUriPlugin)
[2K[1A[2K[G[9%] setup (compilation FileUriPlugin)
[2K[1A[2K[G[9%] setup (compilation CompatibilityPlugin)
[2K[1A[2K[G[9%] setup (compilation HarmonyModulesPlugin)
[2K[1A[2K[G[9%] setup (compilation AMDPlugin)
[2K[1A[2K[G[9%] setup (compilation RequireJsStuffPlugin)
[2K[1A[2K[G[9%] setup (compilation CommonJsPlugin)
[2K[1A[2K[G[9%] setup (compilation LoaderPlugin)
[2K[1A[2K[G[9%] setup (compilation NodeStuffPlugin)
[2K[1A[2K[G[9%] setup (compilation APIPlugin)
[2K[1A[2K[G[9%] setup (compilation ExportsInfoApiPlugin)
[2K[1A[2K[G[9%] setup (compilation WebpackIsIncludedPlugin)
[2K[1A[2K[G[9%] setup (compilation ConstPlugin)
[2K[1A[2K[G[9%] setup (compilation UseStrictPlugin)
[2K[1A[2K[G[9%] setup (compilation RequireIncludePlugin)
[2K[1A[2K[G[9%] setup (compilation RequireEnsurePlugin)
[2K[1A[2K[G[9%] setup (compilation RequireContextPlugin)
[2K[1A[2K[G[9%] setup (compilation ImportPlugin)
[2K[1A[2K[G[9%] setup (compilation ImportMetaContextPlugin)
[2K[1A[2K[G[9%] setup (compilation SystemPlugin)
[2K[1A[2K[G[9%] setup (compilation ImportMetaPlugin)
[2K[1A[2K[G[9%] setup (compilation URLPlugin)
[2K[1A[2K[G[9%] setup (compilation DefaultStatsFactoryPlugin)
[2K[1A[2K[G[9%] setup (compilation DefaultStatsPresetPlugin)
[2K[1A[2K[G[9%] setup (compilation DefaultStatsPrinterPlugin)
[2K[1A[2K[G[9%] setup (compilation JavascriptMetaInfoPlugin)
[2K[1A[2K[G[9%] setup (compilation EnsureChunkConditionsPlugin)
[2K[1A[2K[G[9%] setup (compilation RemoveEmptyChunksPlugin)
[2K[1A[2K[G[9%] setup (compilation MergeDuplicateChunksPlugin)
[2K[1A[2K[G[9%] setup (compilation SideEffectsFlagPlugin)
[2K[1A[2K[G[9%] setup (compilation FlagDependencyExportsPlugin)
[2K[1A[2K[G[9%] setup (compilation ConstExportsPlugin)
[2K[1A[2K[G[9%] setup (compilation NamedModuleIdsPlugin)
[2K[1A[2K[G[9%] setup (compilation NamedChunkIdsPlugin)
[2K[1A[2K[G[9%] setup (compilation DefinePlugin)
[2K[1A[2K[G[9%] setup (compilation TemplatedPathPlugin)
[2K[1A[2K[G[9%] setup (compilation RecordIdsPlugin)
[2K[1A[2K[G[9%] setup (compilation WarnCaseSensitiveModulesPlugin)
[2K[1A[2K[G[9%] setup (compilation EntryPlugin)
[2K[1A[2K[G[9%] setup (compilation ProvidePlugin)
[2K[1A[2K[G[9%] setup (compilation HotModuleReplacementPlugin)
[2K[1A[2K[G[9%] setup (compilation ProgressPlugin)
[2K[1A[2K[G[9%] setup (compilation)
[2K[1A[2K[G[10%] building 
[2K[1A[2K[G[10%] building (0/0 modules)
[2K[1A[2K[G[24%] building (57/8 modules)
[2K[1A[2K[G[38%] building (92/24 modules)
[2K[1A[2K[G[51%] building (95/24 modules)
[2K[1A[2K[G[51%] building (import loader @vue/vue-loader-v15/lib/index.js)
[2K[1A[2K[G[51%] building (382/167 modules)
[2K[1A[2K[G[51%] building (import loader @vue/vue-loader-v15/lib/loaders/templateLoader.js)
[2K[1A[2K[G[51%] building (382/174 modules)
[2K[1A[2K[G[51%] building (import loader css-loader/dist/cjs.js)
[2K[1A[2K[G[51%] building (import loader @vue/vue-loader-v15/lib/loaders/stylePostLoader.js
)
[2K[1A[2K[1A[2K[G[51%] building (import loader postcss-loader/dist/cjs.js)
[2K[1A[2K[G[51%] building (386/177 modules)
[2K[1A[2K[G[65%] building (395/179 modules)
[2K[1A[2K[G[65%] building 
[2K[1A[2K[G[69%] building (finish)
[2K[1A[2K[G[70%] sealing (finish module graph)
[2K[1A[2K[G[70%] sealing (finish module graph ResolverCachePlugin)
[2K[1A[2K[G[70%] sealing (finish module graph InferAsyncModulesPlugin)
[2K[1A[2K[G[70%] sealing (finish module graph FlagDependencyExportsPlugin)
[2K[1A[2K[G[70%] sealing (finish module graph)
[2K[1A[2K[G[71%] sealing (plugins)
[2K[1A[2K[G[71%] sealing (plugins WarnCaseSensitiveModulesPlugin)
[2K[1A[2K[G[71%] sealing (plugins)
[2K[1A[2K[G[71%] sealing (dependencies optimization)
[2K[1A[2K[G[71%] sealing (dependencies optimization SideEffectsFlagPlugin)
[2K[1A[2K[G[71%] sealing (dependencies optimization)
[2K[1A[2K[G[72%] sealing (after dependencies optimization)
[2K[1A[2K[G[73%] sealing (chunk graph)
[2K[1A[2K[G[73%] sealing (after chunk graph)
[2K[1A[2K[G[74%] sealing (optimizing)
[2K[1A[2K[G[74%] sealing (module optimization)
[2K[1A[2K[G[75%] sealing (after module optimization)
[2K[1A[2K[G[76%] sealing (chunk optimization)
[2K[1A[2K[G[76%] sealing (chunk optimization EnsureChunkConditionsPlugin)
[2K[1A[2K[G[76%] sealing (chunk optimization RemoveEmptyChunksPlugin)
[2K[1A[2K[G[76%] sealing (chunk optimization MergeDuplicateChunksPlugin)
[2K[1A[2K[G[76%] sealing (chunk optimization SplitChunksPlugin)
[2K[1A[2K[G[76%] sealing (chunk optimization RemoveEmptyChunksPlugin)
[2K[1A[2K[G[76%] sealing (chunk optimization)
[2K[1A[2K[G[76%] sealing (after chunk optimization)
[2K[1A[2K[G[77%] sealing (module and chunk tree optimization)
[2K[1A[2K[G[77%] sealing (module and chunk tree optimization PersistentChildCompilerSinglet
onPlugin)
[2K[1A[2K[1A[2K[G[77%] sealing (module and chunk tree optimization)
[2K[1A[2K[G[78%] sealing (after module and chunk tree optimization)
[2K[1A[2K[G[78%] sealing (chunk modules optimization)
[2K[1A[2K[G[79%] sealing (after chunk modules optimization)
[2K[1A[2K[G[80%] sealing (module reviving)
[2K[1A[2K[G[80%] sealing (module reviving RecordIdsPlugin)
[2K[1A[2K[G[80%] sealing (module reviving)
[2K[1A[2K[G[80%] sealing (before module ids)
[2K[1A[2K[G[81%] sealing (module ids)
[2K[1A[2K[G[81%] sealing (module ids NamedModuleIdsPlugin)
[2K[1A[2K[G[81%] sealing (module ids)
[2K[1A[2K[G[82%] sealing (module id optimization)
[2K[1A[2K[G[82%] sealing (module id optimization)
[2K[1A[2K[G[83%] sealing (chunk reviving)
[2K[1A[2K[G[83%] sealing (chunk reviving RecordIdsPlugin)
[2K[1A[2K[G[83%] sealing (chunk reviving)
[2K[1A[2K[G[83%] sealing (before chunk ids)
[2K[1A[2K[G[84%] sealing (chunk ids)
[2K[1A[2K[G[84%] sealing (chunk ids NamedChunkIdsPlugin)
[2K[1A[2K[G[84%] sealing (chunk ids)
[2K[1A[2K[G[85%] sealing (chunk id optimization)
[2K[1A[2K[G[85%] sealing (after chunk id optimization)
[2K[1A[2K[G[86%] sealing (record modules)
[2K[1A[2K[G[86%] sealing (record modules RecordIdsPlugin)
[2K[1A[2K[G[86%] sealing (record modules)
[2K[1A[2K[G[87%] sealing (record chunks)
[2K[1A[2K[G[87%] sealing (record chunks RecordIdsPlugin)
[2K[1A[2K[G[87%] sealing (record chunks)
[2K[1A[2K[G[87%] sealing (module hashing)
[2K[1A[2K[G[88%] sealing (code generation)
[2K[1A[2K[G[89%] sealing (runtime requirements)
[2K[1A[2K[G[89%] sealing (hashing)
[2K[1A[2K[G[90%] sealing (after hashing)
[2K[1A[2K[G[91%] sealing (record hash)
[2K[1A[2K[G[91%] sealing (module assets processing)
[2K[1A[2K[G[92%] sealing (chunk assets processing)
[2K[1A[2K[G[92%] sealing (asset processing)
[2K[1A[2K[G[92%] sealing (asset processing copy-webpack-plugin)
[2K[1A[2K[G[92%] sealing (asset processing HotModuleReplacementPlugin)
[2K[1A[2K[G[92%] sealing (asset processing PersistentChildCompilerSingletonPlugin)
[2K[1A[2K[G[92%] sealing (asset processing HtmlWebpackPlugin)
[2K[1A[2K[G[92%] sealing (asset processing)
[2K[1A[2K[G[93%] sealing (after asset optimization)
[2K[1A[2K[G[94%] sealing (recording)
[2K[1A[2K[G[94%] sealing (recording HotModuleReplacementPlugin)
[2K[1A[2K[G[94%] sealing (recording)
[2K[1A[2K[G[94%] sealing (after seal)
[2K[1A[2K[G[95%] emitting (emit)
[2K[1A[2K[G[98%] emitting (after emit)
[2K[1A[2K[GBuild finished at 15:41:54 by 0.000s
[2K[1A[2K[GBuild finished at 15:41:54 by 0.000s
[2K[1A[2K[GBuild finished at 15:41:54 by 0.000s
[2K[1A[2K[G DONE  Compiled successfully in 348ms15:41:54

Build finished at 15:41:54 by 0.000s
[2K[1A[2K[G
  App running at:
  - Local:   http://localhost:8001/admin-ui/ 
  - Network: unavailable

Build finished at 15:41:54 by 0.000s
[2K[1A[2K[GBuild finished at 15:41:54 by 0.000s
[2K[1A[2K[GBuild finished at 15:41:54 by 0.000s
[2K[1A[2K[GBuild finished at 15:41:54 by 0.000s
[2K[1A[2K[GBuild finished at 15:41:54 by 0.000s
[2K[1A[2K[GBuild finished at 15:41:54 by 0.000s
[2K[1A[2K[GBuild finished at 15:41:54 by 0.000s
[2K[1A[2K[GBuild finished at 15:41:54 by 0.000s
[2K[1A[2K[G WAIT  Compiling...15:42:04

Compiling...

[2K[1A[2K[G[1%] cache (end idle)
[2K[1A[2K[G[3%] setup (watch run)
[2K[1A[2K[G[3%] setup (watch run webpack-dev-middleware)
[2K[1A[2K[G[3%] setup (watch run)
[2K[1A[2K[G[4%] setup (normal module factory)
[2K[1A[2K[G[4%] setup (normal module factory CaseSensitivePathsPlugin)
[2K[1A[2K[G[4%] setup (normal module factory)
[2K[1A[2K[G[5%] setup (context module factory)
[2K[1A[2K[G[6%] setup (before compile)
[2K[1A[2K[G[7%] setup (compile)
[2K[1A[2K[G[7%] setup (compile ExternalsPlugin)
[2K[1A[2K[G[7%] setup (compile)
[2K[1A[2K[G[8%] setup (compilation)
[2K[1A[2K[G[8%] setup (compilation HtmlWebpackPlugin)
[2K[1A[2K[G[8%] setup (compilation CopyPlugin)
[2K[1A[2K[G[8%] setup (compilation ArrayPushCallbackChunkFormatPlugin)
[2K[1A[2K[G[8%] setup (compilation JsonpChunkLoadingPlugin)
[2K[1A[2K[G[8%] setup (compilation StartupChunkDependenciesPlugin)
[2K[1A[2K[G[8%] setup (compilation ImportScriptsChunkLoadingPlugin)
[2K[1A[2K[G[8%] setup (compilation WorkerAndWorkletPlugin)
[2K[1A[2K[G[8%] setup (compilation SplitChunksPlugin)
[2K[1A[2K[G[8%] setup (compilation ResolverCachePlugin)
[2K[1A[2K[G[8%] setup (compilation)
[2K[1A[2K[G[9%] setup (compilation)
[2K[1A[2K[G[9%] setup (compilation vue-loader-plugin)
[2K[1A[2K[G[9%] setup (compilation DefinePlugin)
[2K[1A[2K[G[9%] setup (compilation ProgressPlugin)
[2K[1A[2K[G[9%] setup (compilation EntryPlugin)
[2K[1A[2K[G[9%] setup (compilation ExternalsPlugin)
[2K[1A[2K[G[9%] setup (compilation ChunkPrefetchPreloadPlugin)
[2K[1A[2K[G[9%] setup (compilation ResourceHintPlugin)
[2K[1A[2K[G[9%] setup (compilation ModuleInfoHeaderPlugin)
[2K[1A[2K[G[9%] setup (compilation EvalSourceMapDevToolPlugin)
[2K[1A[2K[G[9%] setup (compilation JavascriptModulesPlugin)
[2K[1A[2K[G[9%] setup (compilation JsonModulesPlugin)
[2K[1A[2K[G[9%] setup (compilation AssetModulesPlugin)
[2K[1A[2K[G[9%] setup (compilation EntryPlugin)
[2K[1A[2K[G[9%] setup (compilation RuntimePlugin)
[2K[1A[2K[G[9%] setup (compilation InferAsyncModulesPlugin)
[2K[1A[2K[G[9%] setup (compilation DataUriPlugin)
[2K[1A[2K[G[9%] setup (compilation FileUriPlugin)
[2K[1A[2K[G[9%] setup (compilation CompatibilityPlugin)
[2K[1A[2K[G[9%] setup (compilation HarmonyModulesPlugin)
[2K[1A[2K[G[9%] setup (compilation AMDPlugin)
[2K[1A[2K[G[9%] setup (compilation RequireJsStuffPlugin)
[2K[1A[2K[G[9%] setup (compilation CommonJsPlugin)
[2K[1A[2K[G[9%] setup (compilation LoaderPlugin)
[2K[1A[2K[G[9%] setup (compilation NodeStuffPlugin)
[2K[1A[2K[G[9%] setup (compilation APIPlugin)
[2K[1A[2K[G[9%] setup (compilation ExportsInfoApiPlugin)
[2K[1A[2K[G[9%] setup (compilation WebpackIsIncludedPlugin)
[2K[1A[2K[G[9%] setup (compilation ConstPlugin)
[2K[1A[2K[G[9%] setup (compilation UseStrictPlugin)
[2K[1A[2K[G[9%] setup (compilation RequireIncludePlugin)
[2K[1A[2K[G[9%] setup (compilation RequireEnsurePlugin)
[2K[1A[2K[G[9%] setup (compilation RequireContextPlugin)
[2K[1A[2K[G[9%] setup (compilation ImportPlugin)
[2K[1A[2K[G[9%] setup (compilation ImportMetaContextPlugin)
[2K[1A[2K[G[9%] setup (compilation SystemPlugin)
[2K[1A[2K[G[9%] setup (compilation ImportMetaPlugin)
[2K[1A[2K[G[9%] setup (compilation URLPlugin)
[2K[1A[2K[G[9%] setup (compilation DefaultStatsFactoryPlugin)
[2K[1A[2K[G[9%] setup (compilation DefaultStatsPresetPlugin)
[2K[1A[2K[G[9%] setup (compilation DefaultStatsPrinterPlugin)
[2K[1A[2K[G[9%] setup (compilation JavascriptMetaInfoPlugin)
[2K[1A[2K[G[9%] setup (compilation EnsureChunkConditionsPlugin)
[2K[1A[2K[G[9%] setup (compilation RemoveEmptyChunksPlugin)
[2K[1A[2K[G[9%] setup (compilation MergeDuplicateChunksPlugin)
[2K[1A[2K[G[9%] setup (compilation SideEffectsFlagPlugin)
[2K[1A[2K[G[9%] setup (compilation FlagDependencyExportsPlugin)
[2K[1A[2K[G[9%] setup (compilation ConstExportsPlugin)
[2K[1A[2K[G[9%] setup (compilation NamedModuleIdsPlugin)
[2K[1A[2K[G[9%] setup (compilation NamedChunkIdsPlugin)
[2K[1A[2K[G[9%] setup (compilation DefinePlugin)
[2K[1A[2K[G[9%] setup (compilation TemplatedPathPlugin)
[2K[1A[2K[G[9%] setup (compilation RecordIdsPlugin)
[2K[1A[2K[G[9%] setup (compilation WarnCaseSensitiveModulesPlugin)
[2K[1A[2K[G[9%] setup (compilation EntryPlugin)
[2K[1A[2K[G[9%] setup (compilation ProvidePlugin)
[2K[1A[2K[G[9%] setup (compilation HotModuleReplacementPlugin)
[2K[1A[2K[G[9%] setup (compilation ProgressPlugin)
[2K[1A[2K[G[9%] setup (compilation)
[2K[1A[2K[G[10%] building 
[2K[1A[2K[G[10%] building (0/0 modules)
[2K[1A[2K[G[24%] building (1/4 modules)
[2K[1A[2K[G[38%] building (71/14 modules)
[2K[1A[2K[G[51%] building (86/14 modules)
[2K[1A[2K[G[51%] building (import loader @vue/vue-loader-v15/lib/index.js)
[2K[1A[2K[G[51%] building (195/109 modules)
[2K[1A[2K[G[51%] building (import loader @vue/vue-loader-v15/lib/loaders/templateLoader.js)
[2K[1A[2K[G[51%] building (382/176 modules)
[2K[1A[2K[G[51%] building (import loader css-loader/dist/cjs.js)
[2K[1A[2K[G[51%] building (import loader @vue/vue-loader-v15/lib/loaders/stylePostLoader.js
)
[2K[1A[2K[1A[2K[G[51%] building (import loader postcss-loader/dist/cjs.js)
[2K[1A[2K[G[51%] building (386/177 modules)
[2K[1A[2K[G[65%] building (395/179 modules)
[2K[1A[2K[G[65%] building 
[2K[1A[2K[G[69%] building (finish)
[2K[1A[2K[G[70%] sealing (finish module graph)
[2K[1A[2K[G[70%] sealing (finish module graph ResolverCachePlugin)
[2K[1A[2K[G[70%] sealing (finish module graph InferAsyncModulesPlugin)
[2K[1A[2K[G[70%] sealing (finish module graph FlagDependencyExportsPlugin)
[2K[1A[2K[G[70%] sealing (finish module graph)
[2K[1A[2K[G[71%] sealing (plugins)
[2K[1A[2K[G[71%] sealing (plugins WarnCaseSensitiveModulesPlugin)
[2K[1A[2K[G[71%] sealing (plugins)
[2K[1A[2K[G[71%] sealing (dependencies optimization)
[2K[1A[2K[G[71%] sealing (dependencies optimization SideEffectsFlagPlugin)
[2K[1A[2K[G[71%] sealing (dependencies optimization)
[2K[1A[2K[G[72%] sealing (after dependencies optimization)
[2K[1A[2K[G[73%] sealing (chunk graph)
[2K[1A[2K[G[73%] sealing (after chunk graph)
[2K[1A[2K[G[74%] sealing (optimizing)
[2K[1A[2K[G[74%] sealing (module optimization)
[2K[1A[2K[G[75%] sealing (after module optimization)
[2K[1A[2K[G[76%] sealing (chunk optimization)
[2K[1A[2K[G[76%] sealing (chunk optimization EnsureChunkConditionsPlugin)
[2K[1A[2K[G[76%] sealing (chunk optimization RemoveEmptyChunksPlugin)
[2K[1A[2K[G[76%] sealing (chunk optimization MergeDuplicateChunksPlugin)
[2K[1A[2K[G[76%] sealing (chunk optimization SplitChunksPlugin)
[2K[1A[2K[G[76%] sealing (chunk optimization RemoveEmptyChunksPlugin)
[2K[1A[2K[G[76%] sealing (chunk optimization)
[2K[1A[2K[G[76%] sealing (after chunk optimization)
[2K[1A[2K[G[77%] sealing (module and chunk tree optimization)
[2K[1A[2K[G[77%] sealing (module and chunk tree optimization PersistentChildCompilerSinglet
onPlugin)
[2K[1A[2K[1A[2K[G[77%] sealing (module and chunk tree optimization)
[2K[1A[2K[G[78%] sealing (after module and chunk tree optimization)
[2K[1A[2K[G[78%] sealing (chunk modules optimization)
[2K[1A[2K[G[79%] sealing (after chunk modules optimization)
[2K[1A[2K[G[80%] sealing (module reviving)
[2K[1A[2K[G[80%] sealing (module reviving RecordIdsPlugin)
[2K[1A[2K[G[80%] sealing (module reviving)
[2K[1A[2K[G[80%] sealing (before module ids)
[2K[1A[2K[G[81%] sealing (module ids)
[2K[1A[2K[G[81%] sealing (module ids NamedModuleIdsPlugin)
[2K[1A[2K[G[81%] sealing (module ids)
[2K[1A[2K[G[82%] sealing (module id optimization)
[2K[1A[2K[G[82%] sealing (module id optimization)
[2K[1A[2K[G[83%] sealing (chunk reviving)
[2K[1A[2K[G[83%] sealing (chunk reviving RecordIdsPlugin)
[2K[1A[2K[G[83%] sealing (chunk reviving)
[2K[1A[2K[G[83%] sealing (before chunk ids)
[2K[1A[2K[G[84%] sealing (chunk ids)
[2K[1A[2K[G[84%] sealing (chunk ids NamedChunkIdsPlugin)
[2K[1A[2K[G[84%] sealing (chunk ids)
[2K[1A[2K[G[85%] sealing (chunk id optimization)
[2K[1A[2K[G[85%] sealing (after chunk id optimization)
[2K[1A[2K[G[86%] sealing (record modules)
[2K[1A[2K[G[86%] sealing (record modules RecordIdsPlugin)
[2K[1A[2K[G[86%] sealing (record modules)
[2K[1A[2K[G[87%] sealing (record chunks)
[2K[1A[2K[G[87%] sealing (record chunks RecordIdsPlugin)
[2K[1A[2K[G[87%] sealing (record chunks)
[2K[1A[2K[G[87%] sealing (module hashing)
[2K[1A[2K[G[88%] sealing (code generation)
[2K[1A[2K[G[89%] sealing (runtime requirements)
[2K[1A[2K[G[89%] sealing (hashing)
[2K[1A[2K[G[90%] sealing (after hashing)
[2K[1A[2K[G[91%] sealing (record hash)
[2K[1A[2K[G[91%] sealing (module assets processing)
[2K[1A[2K[G[92%] sealing (chunk assets processing)
[2K[1A[2K[G[92%] sealing (asset processing)
[2K[1A[2K[G[92%] sealing (asset processing copy-webpack-plugin)
[2K[1A[2K[G[92%] sealing (asset processing HotModuleReplacementPlugin)
[2K[1A[2K[G[92%] sealing (asset processing PersistentChildCompilerSingletonPlugin)
[2K[1A[2K[G[92%] sealing (asset processing HtmlWebpackPlugin)
[2K[1A[2K[G[92%] sealing (asset processing)
[2K[1A[2K[G[93%] sealing (after asset optimization)
[2K[1A[2K[G[94%] sealing (recording)
[2K[1A[2K[G[94%] sealing (recording HotModuleReplacementPlugin)
[2K[1A[2K[G[94%] sealing (recording)
[2K[1A[2K[G[94%] sealing (after seal)
[2K[1A[2K[G[95%] emitting (emit)
[2K[1A[2K[G[98%] emitting (after emit)
[2K[1A[2K[GBuild finished at 15:42:05 by 0.000s
[2K[1A[2K[GBuild finished at 15:42:05 by 0.000s
[2K[1A[2K[GBuild finished at 15:42:05 by 0.000s
[2K[1A[2K[G DONE  Compiled successfully in 378ms15:42:05

Build finished at 15:42:05 by 0.000s
[2K[1A[2K[G
  App running at:
  - Local:   http://localhost:8001/admin-ui/ 
  - Network: unavailable

Build finished at 15:42:05 by 0.000s
[2K[1A[2K[GBuild finished at 15:42:05 by 0.000s
[2K[1A[2K[GBuild finished at 15:42:05 by 0.000s
[2K[1A[2K[GBuild finished at 15:42:05 by 0.000s
[2K[1A[2K[GBuild finished at 15:42:05 by 0.000s
[2K[1A[2K[GBuild finished at 15:42:05 by 0.000s
[2K[1A[2K[GBuild finished at 15:42:05 by 0.000s
[2K[1A[2K[GBuild finished at 15:42:05 by 0.000s
[2K[1A[2K[G WAIT  Compiling...15:42:12

Compiling...

[2K[1A[2K[G[1%] cache (end idle)
[2K[1A[2K[G[3%] setup (watch run)
[2K[1A[2K[G[3%] setup (watch run webpack-dev-middleware)
[2K[1A[2K[G[3%] setup (watch run)
[2K[1A[2K[G[4%] setup (normal module factory)
[2K[1A[2K[G[4%] setup (normal module factory CaseSensitivePathsPlugin)
[2K[1A[2K[G[4%] setup (normal module factory)
[2K[1A[2K[G[5%] setup (context module factory)
[2K[1A[2K[G[6%] setup (before compile)
[2K[1A[2K[G[7%] setup (compile)
[2K[1A[2K[G[7%] setup (compile ExternalsPlugin)
[2K[1A[2K[G[7%] setup (compile)
[2K[1A[2K[G[8%] setup (compilation)
[2K[1A[2K[G[8%] setup (compilation HtmlWebpackPlugin)
[2K[1A[2K[G[8%] setup (compilation CopyPlugin)
[2K[1A[2K[G[8%] setup (compilation ArrayPushCallbackChunkFormatPlugin)
[2K[1A[2K[G[8%] setup (compilation JsonpChunkLoadingPlugin)
[2K[1A[2K[G[8%] setup (compilation StartupChunkDependenciesPlugin)
[2K[1A[2K[G[8%] setup (compilation ImportScriptsChunkLoadingPlugin)
[2K[1A[2K[G[8%] setup (compilation WorkerAndWorkletPlugin)
[2K[1A[2K[G[8%] setup (compilation SplitChunksPlugin)
[2K[1A[2K[G[8%] setup (compilation ResolverCachePlugin)
[2K[1A[2K[G[8%] setup (compilation)
[2K[1A[2K[G[9%] setup (compilation)
[2K[1A[2K[G[9%] setup (compilation vue-loader-plugin)
[2K[1A[2K[G[9%] setup (compilation DefinePlugin)
[2K[1A[2K[G[9%] setup (compilation ProgressPlugin)
[2K[1A[2K[G[9%] setup (compilation EntryPlugin)
[2K[1A[2K[G[9%] setup (compilation ExternalsPlugin)
[2K[1A[2K[G[9%] setup (compilation ChunkPrefetchPreloadPlugin)
[2K[1A[2K[G[9%] setup (compilation ResourceHintPlugin)
[2K[1A[2K[G[9%] setup (compilation ModuleInfoHeaderPlugin)
[2K[1A[2K[G[9%] setup (compilation EvalSourceMapDevToolPlugin)
[2K[1A[2K[G[9%] setup (compilation JavascriptModulesPlugin)
[2K[1A[2K[G[9%] setup (compilation JsonModulesPlugin)
[2K[1A[2K[G[9%] setup (compilation AssetModulesPlugin)
[2K[1A[2K[G[9%] setup (compilation EntryPlugin)
[2K[1A[2K[G[9%] setup (compilation RuntimePlugin)
[2K[1A[2K[G[9%] setup (compilation InferAsyncModulesPlugin)
[2K[1A[2K[G[9%] setup (compilation DataUriPlugin)
[2K[1A[2K[G[9%] setup (compilation FileUriPlugin)
[2K[1A[2K[G[9%] setup (compilation CompatibilityPlugin)
[2K[1A[2K[G[9%] setup (compilation HarmonyModulesPlugin)
[2K[1A[2K[G[9%] setup (compilation AMDPlugin)
[2K[1A[2K[G[9%] setup (compilation RequireJsStuffPlugin)
[2K[1A[2K[G[9%] setup (compilation CommonJsPlugin)
[2K[1A[2K[G[9%] setup (compilation LoaderPlugin)
[2K[1A[2K[G[9%] setup (compilation NodeStuffPlugin)
[2K[1A[2K[G[9%] setup (compilation APIPlugin)
[2K[1A[2K[G[9%] setup (compilation ExportsInfoApiPlugin)
[2K[1A[2K[G[9%] setup (compilation WebpackIsIncludedPlugin)
[2K[1A[2K[G[9%] setup (compilation ConstPlugin)
[2K[1A[2K[G[9%] setup (compilation UseStrictPlugin)
[2K[1A[2K[G[9%] setup (compilation RequireIncludePlugin)
[2K[1A[2K[G[9%] setup (compilation RequireEnsurePlugin)
[2K[1A[2K[G[9%] setup (compilation RequireContextPlugin)
[2K[1A[2K[G[9%] setup (compilation ImportPlugin)
[2K[1A[2K[G[9%] setup (compilation ImportMetaContextPlugin)
[2K[1A[2K[G[9%] setup (compilation SystemPlugin)
[2K[1A[2K[G[9%] setup (compilation ImportMetaPlugin)
[2K[1A[2K[G[9%] setup (compilation URLPlugin)
[2K[1A[2K[G[9%] setup (compilation DefaultStatsFactoryPlugin)
[2K[1A[2K[G[9%] setup (compilation DefaultStatsPresetPlugin)
[2K[1A[2K[G[9%] setup (compilation DefaultStatsPrinterPlugin)
[2K[1A[2K[G[9%] setup (compilation JavascriptMetaInfoPlugin)
[2K[1A[2K[G[9%] setup (compilation EnsureChunkConditionsPlugin)
[2K[1A[2K[G[9%] setup (compilation RemoveEmptyChunksPlugin)
[2K[1A[2K[G[9%] setup (compilation MergeDuplicateChunksPlugin)
[2K[1A[2K[G[9%] setup (compilation SideEffectsFlagPlugin)
[2K[1A[2K[G[9%] setup (compilation FlagDependencyExportsPlugin)
[2K[1A[2K[G[9%] setup (compilation ConstExportsPlugin)
[2K[1A[2K[G[9%] setup (compilation NamedModuleIdsPlugin)
[2K[1A[2K[G[9%] setup (compilation NamedChunkIdsPlugin)
[2K[1A[2K[G[9%] setup (compilation DefinePlugin)
[2K[1A[2K[G[9%] setup (compilation TemplatedPathPlugin)
[2K[1A[2K[G[9%] setup (compilation RecordIdsPlugin)
[2K[1A[2K[G[9%] setup (compilation WarnCaseSensitiveModulesPlugin)
[2K[1A[2K[G[9%] setup (compilation EntryPlugin)
[2K[1A[2K[G[9%] setup (compilation ProvidePlugin)
[2K[1A[2K[G[9%] setup (compilation HotModuleReplacementPlugin)
[2K[1A[2K[G[9%] setup (compilation ProgressPlugin)
[2K[1A[2K[G[9%] setup (compilation)
[2K[1A[2K[G[10%] building 
[2K[1A[2K[G[10%] building (0/0 modules)
[2K[1A[2K[G[24%] building (1/4 modules)
[2K[1A[2K[G[38%] building (71/14 modules)
[2K[1A[2K[G[51%] building (86/14 modules)
[2K[1A[2K[G[51%] building (import loader @vue/vue-loader-v15/lib/index.js)
[2K[1A[2K[G[51%] building (195/109 modules)
[2K[1A[2K[G[51%] building (import loader @vue/vue-loader-v15/lib/loaders/templateLoader.js)
[2K[1A[2K[G[51%] building (382/176 modules)
[2K[1A[2K[G[51%] building (import loader css-loader/dist/cjs.js)
[2K[1A[2K[G[51%] building (import loader @vue/vue-loader-v15/lib/loaders/stylePostLoader.js
)
[2K[1A[2K[1A[2K[G[51%] building (import loader postcss-loader/dist/cjs.js)
[2K[1A[2K[G[51%] building (386/177 modules)
[2K[1A[2K[G[65%] building (395/179 modules)
[2K[1A[2K[G[65%] building 
[2K[1A[2K[G[69%] building (finish)
[2K[1A[2K[G[70%] sealing (finish module graph)
[2K[1A[2K[G[70%] sealing (finish module graph ResolverCachePlugin)
[2K[1A[2K[G[70%] sealing (finish module graph InferAsyncModulesPlugin)
[2K[1A[2K[G[70%] sealing (finish module graph FlagDependencyExportsPlugin)
[2K[1A[2K[G[70%] sealing (finish module graph)
[2K[1A[2K[G[71%] sealing (plugins)
[2K[1A[2K[G[71%] sealing (plugins WarnCaseSensitiveModulesPlugin)
[2K[1A[2K[G[71%] sealing (plugins)
[2K[1A[2K[G[71%] sealing (dependencies optimization)
[2K[1A[2K[G[71%] sealing (dependencies optimization SideEffectsFlagPlugin)
[2K[1A[2K[G[71%] sealing (dependencies optimization)
[2K[1A[2K[G[72%] sealing (after dependencies optimization)
[2K[1A[2K[G[73%] sealing (chunk graph)
[2K[1A[2K[G[73%] sealing (after chunk graph)
[2K[1A[2K[G[74%] sealing (optimizing)
[2K[1A[2K[G[74%] sealing (module optimization)
[2K[1A[2K[G[75%] sealing (after module optimization)
[2K[1A[2K[G[76%] sealing (chunk optimization)
[2K[1A[2K[G[76%] sealing (chunk optimization EnsureChunkConditionsPlugin)
[2K[1A[2K[G[76%] sealing (chunk optimization RemoveEmptyChunksPlugin)
[2K[1A[2K[G[76%] sealing (chunk optimization MergeDuplicateChunksPlugin)
[2K[1A[2K[G[76%] sealing (chunk optimization SplitChunksPlugin)
[2K[1A[2K[G[76%] sealing (chunk optimization RemoveEmptyChunksPlugin)
[2K[1A[2K[G[76%] sealing (chunk optimization)
[2K[1A[2K[G[76%] sealing (after chunk optimization)
[2K[1A[2K[G[77%] sealing (module and chunk tree optimization)
[2K[1A[2K[G[77%] sealing (module and chunk tree optimization PersistentChildCompilerSinglet
onPlugin)
[2K[1A[2K[1A[2K[G[77%] sealing (module and chunk tree optimization)
[2K[1A[2K[G[78%] sealing (after module and chunk tree optimization)
[2K[1A[2K[G[78%] sealing (chunk modules optimization)
[2K[1A[2K[G[79%] sealing (after chunk modules optimization)
[2K[1A[2K[G[80%] sealing (module reviving)
[2K[1A[2K[G[80%] sealing (module reviving RecordIdsPlugin)
[2K[1A[2K[G[80%] sealing (module reviving)
[2K[1A[2K[G[80%] sealing (before module ids)
[2K[1A[2K[G[81%] sealing (module ids)
[2K[1A[2K[G[81%] sealing (module ids NamedModuleIdsPlugin)
[2K[1A[2K[G[81%] sealing (module ids)
[2K[1A[2K[G[82%] sealing (module id optimization)
[2K[1A[2K[G[82%] sealing (module id optimization)
[2K[1A[2K[G[83%] sealing (chunk reviving)
[2K[1A[2K[G[83%] sealing (chunk reviving RecordIdsPlugin)
[2K[1A[2K[G[83%] sealing (chunk reviving)
[2K[1A[2K[G[83%] sealing (before chunk ids)
[2K[1A[2K[G[84%] sealing (chunk ids)
[2K[1A[2K[G[84%] sealing (chunk ids NamedChunkIdsPlugin)
[2K[1A[2K[G[84%] sealing (chunk ids)
[2K[1A[2K[G[85%] sealing (chunk id optimization)
[2K[1A[2K[G[85%] sealing (after chunk id optimization)
[2K[1A[2K[G[86%] sealing (record modules)
[2K[1A[2K[G[86%] sealing (record modules RecordIdsPlugin)
[2K[1A[2K[G[86%] sealing (record modules)
[2K[1A[2K[G[87%] sealing (record chunks)
[2K[1A[2K[G[87%] sealing (record chunks RecordIdsPlugin)
[2K[1A[2K[G[87%] sealing (record chunks)
[2K[1A[2K[G[87%] sealing (module hashing)
[2K[1A[2K[G[88%] sealing (code generation)
[2K[1A[2K[G[89%] sealing (runtime requirements)
[2K[1A[2K[G[89%] sealing (hashing)
[2K[1A[2K[G[90%] sealing (after hashing)
[2K[1A[2K[G[91%] sealing (record hash)
[2K[1A[2K[G[91%] sealing (module assets processing)
[2K[1A[2K[G[92%] sealing (chunk assets processing)
[2K[1A[2K[G[92%] sealing (asset processing)
[2K[1A[2K[G[92%] sealing (asset processing copy-webpack-plugin)
[2K[1A[2K[G[92%] sealing (asset processing HotModuleReplacementPlugin)
[2K[1A[2K[G[92%] sealing (asset processing PersistentChildCompilerSingletonPlugin)
[2K[1A[2K[G[92%] sealing (asset processing HtmlWebpackPlugin)
[2K[1A[2K[G[92%] sealing (asset processing)
[2K[1A[2K[G[93%] sealing (after asset optimization)
[2K[1A[2K[G[94%] sealing (recording)
[2K[1A[2K[G[94%] sealing (recording HotModuleReplacementPlugin)
[2K[1A[2K[G[94%] sealing (recording)
[2K[1A[2K[G[94%] sealing (after seal)
[2K[1A[2K[G[95%] emitting (emit)
[2K[1A[2K[G[98%] emitting (after emit)
[2K[1A[2K[GBuild finished at 15:42:13 by 0.000s
[2K[1A[2K[GBuild finished at 15:42:13 by 0.000s
[2K[1A[2K[GBuild finished at 15:42:13 by 0.000s
[2K[1A[2K[G DONE  Compiled successfully in 335ms15:42:13

Build finished at 15:42:13 by 0.000s
[2K[1A[2K[G
  App running at:
  - Local:   http://localhost:8001/admin-ui/ 
  - Network: unavailable

Build finished at 15:42:13 by 0.000s
[2K[1A[2K[GBuild finished at 15:42:13 by 0.000s
[2K[1A[2K[GBuild finished at 15:42:13 by 0.000s
[2K[1A[2K[GBuild finished at 15:42:13 by 0.000s
[2K[1A[2K[GBuild finished at 15:42:13 by 0.000s
[2K[1A[2K[GBuild finished at 15:42:13 by 0.000s
[2K[1A[2K[GBuild finished at 15:42:13 by 0.000s
[2K[1A[2K[GBuild finished at 15:42:13 by 0.000s
[2K[1A[2K[G WAIT  Compiling...15:42:42

Compiling...

[2K[1A[2K[G[1%] cache (end idle)
[2K[1A[2K[G[3%] setup (watch run)
[2K[1A[2K[G[3%] setup (watch run webpack-dev-middleware)
[2K[1A[2K[G[3%] setup (watch run)
[2K[1A[2K[G[4%] setup (normal module factory)
[2K[1A[2K[G[4%] setup (normal module factory CaseSensitivePathsPlugin)
[2K[1A[2K[G[4%] setup (normal module factory)
[2K[1A[2K[G[5%] setup (context module factory)
[2K[1A[2K[G[6%] setup (before compile)
[2K[1A[2K[G[7%] setup (compile)
[2K[1A[2K[G[7%] setup (compile ExternalsPlugin)
[2K[1A[2K[G[7%] setup (compile)
[2K[1A[2K[G[8%] setup (compilation)
[2K[1A[2K[G[8%] setup (compilation HtmlWebpackPlugin)
[2K[1A[2K[G[8%] setup (compilation CopyPlugin)
[2K[1A[2K[G[8%] setup (compilation ArrayPushCallbackChunkFormatPlugin)
[2K[1A[2K[G[8%] setup (compilation JsonpChunkLoadingPlugin)
[2K[1A[2K[G[8%] setup (compilation StartupChunkDependenciesPlugin)
[2K[1A[2K[G[8%] setup (compilation ImportScriptsChunkLoadingPlugin)
[2K[1A[2K[G[8%] setup (compilation WorkerAndWorkletPlugin)
[2K[1A[2K[G[8%] setup (compilation SplitChunksPlugin)
[2K[1A[2K[G[8%] setup (compilation ResolverCachePlugin)
[2K[1A[2K[G[8%] setup (compilation)
[2K[1A[2K[G[9%] setup (compilation)
[2K[1A[2K[G[9%] setup (compilation vue-loader-plugin)
[2K[1A[2K[G[9%] setup (compilation DefinePlugin)
[2K[1A[2K[G[9%] setup (compilation ProgressPlugin)
[2K[1A[2K[G[9%] setup (compilation EntryPlugin)
[2K[1A[2K[G[9%] setup (compilation ExternalsPlugin)
[2K[1A[2K[G[9%] setup (compilation ChunkPrefetchPreloadPlugin)
[2K[1A[2K[G[9%] setup (compilation ResourceHintPlugin)
[2K[1A[2K[G[9%] setup (compilation ModuleInfoHeaderPlugin)
[2K[1A[2K[G[9%] setup (compilation EvalSourceMapDevToolPlugin)
[2K[1A[2K[G[9%] setup (compilation JavascriptModulesPlugin)
[2K[1A[2K[G[9%] setup (compilation JsonModulesPlugin)
[2K[1A[2K[G[9%] setup (compilation AssetModulesPlugin)
[2K[1A[2K[G[9%] setup (compilation EntryPlugin)
[2K[1A[2K[G[9%] setup (compilation RuntimePlugin)
[2K[1A[2K[G[9%] setup (compilation InferAsyncModulesPlugin)
[2K[1A[2K[G[9%] setup (compilation DataUriPlugin)
[2K[1A[2K[G[9%] setup (compilation FileUriPlugin)
[2K[1A[2K[G[9%] setup (compilation CompatibilityPlugin)
[2K[1A[2K[G[9%] setup (compilation HarmonyModulesPlugin)
[2K[1A[2K[G[9%] setup (compilation AMDPlugin)
[2K[1A[2K[G[9%] setup (compilation RequireJsStuffPlugin)
[2K[1A[2K[G[9%] setup (compilation CommonJsPlugin)
[2K[1A[2K[G[9%] setup (compilation LoaderPlugin)
[2K[1A[2K[G[9%] setup (compilation NodeStuffPlugin)
[2K[1A[2K[G[9%] setup (compilation APIPlugin)
[2K[1A[2K[G[9%] setup (compilation ExportsInfoApiPlugin)
[2K[1A[2K[G[9%] setup (compilation WebpackIsIncludedPlugin)
[2K[1A[2K[G[9%] setup (compilation ConstPlugin)
[2K[1A[2K[G[9%] setup (compilation UseStrictPlugin)
[2K[1A[2K[G[9%] setup (compilation RequireIncludePlugin)
[2K[1A[2K[G[9%] setup (compilation RequireEnsurePlugin)
[2K[1A[2K[G[9%] setup (compilation RequireContextPlugin)
[2K[1A[2K[G[9%] setup (compilation ImportPlugin)
[2K[1A[2K[G[9%] setup (compilation ImportMetaContextPlugin)
[2K[1A[2K[G[9%] setup (compilation SystemPlugin)
[2K[1A[2K[G[9%] setup (compilation ImportMetaPlugin)
[2K[1A[2K[G[9%] setup (compilation URLPlugin)
[2K[1A[2K[G[9%] setup (compilation DefaultStatsFactoryPlugin)
[2K[1A[2K[G[9%] setup (compilation DefaultStatsPresetPlugin)
[2K[1A[2K[G[9%] setup (compilation DefaultStatsPrinterPlugin)
[2K[1A[2K[G[9%] setup (compilation JavascriptMetaInfoPlugin)
[2K[1A[2K[G[9%] setup (compilation EnsureChunkConditionsPlugin)
[2K[1A[2K[G[9%] setup (compilation RemoveEmptyChunksPlugin)
[2K[1A[2K[G[9%] setup (compilation MergeDuplicateChunksPlugin)
[2K[1A[2K[G[9%] setup (compilation SideEffectsFlagPlugin)
[2K[1A[2K[G[9%] setup (compilation FlagDependencyExportsPlugin)
[2K[1A[2K[G[9%] setup (compilation ConstExportsPlugin)
[2K[1A[2K[G[9%] setup (compilation NamedModuleIdsPlugin)
[2K[1A[2K[G[9%] setup (compilation NamedChunkIdsPlugin)
[2K[1A[2K[G[9%] setup (compilation DefinePlugin)
[2K[1A[2K[G[9%] setup (compilation TemplatedPathPlugin)
[2K[1A[2K[G[9%] setup (compilation RecordIdsPlugin)
[2K[1A[2K[G[9%] setup (compilation WarnCaseSensitiveModulesPlugin)
[2K[1A[2K[G[9%] setup (compilation EntryPlugin)
[2K[1A[2K[G[9%] setup (compilation ProvidePlugin)
[2K[1A[2K[G[9%] setup (compilation HotModuleReplacementPlugin)
[2K[1A[2K[G[9%] setup (compilation ProgressPlugin)
[2K[1A[2K[G[9%] setup (compilation)
[2K[1A[2K[G[10%] building 
[2K[1A[2K[G[10%] building (0/0 modules)
[2K[1A[2K[G[24%] building (1/4 modules)
[2K[1A[2K[G[38%] building (71/14 modules)
[2K[1A[2K[G[51%] building (86/14 modules)
[2K[1A[2K[G[51%] building (import loader @vue/vue-loader-v15/lib/index.js)
[2K[1A[2K[G[51%] building (195/109 modules)
[2K[1A[2K[G[51%] building (import loader @vue/vue-loader-v15/lib/loaders/templateLoader.js)
[2K[1A[2K[G[51%] building (382/176 modules)
[2K[1A[2K[G[51%] building (import loader css-loader/dist/cjs.js)
[2K[1A[2K[G[51%] building (import loader @vue/vue-loader-v15/lib/loaders/stylePostLoader.js
)
[2K[1A[2K[1A[2K[G[51%] building (import loader postcss-loader/dist/cjs.js)
[2K[1A[2K[G[51%] building (386/177 modules)
[2K[1A[2K[G[65%] building (395/179 modules)
[2K[1A[2K[G[65%] building 
[2K[1A[2K[G[69%] building (finish)
[2K[1A[2K[G[70%] sealing (finish module graph)
[2K[1A[2K[G[70%] sealing (finish module graph ResolverCachePlugin)
[2K[1A[2K[G[70%] sealing (finish module graph InferAsyncModulesPlugin)
[2K[1A[2K[G[70%] sealing (finish module graph FlagDependencyExportsPlugin)
[2K[1A[2K[G[70%] sealing (finish module graph)
[2K[1A[2K[G[71%] sealing (plugins)
[2K[1A[2K[G[71%] sealing (plugins WarnCaseSensitiveModulesPlugin)
[2K[1A[2K[G[71%] sealing (plugins)
[2K[1A[2K[G[71%] sealing (dependencies optimization)
[2K[1A[2K[G[71%] sealing (dependencies optimization SideEffectsFlagPlugin)
[2K[1A[2K[G[71%] sealing (dependencies optimization)
[2K[1A[2K[G[72%] sealing (after dependencies optimization)
[2K[1A[2K[G[73%] sealing (chunk graph)
[2K[1A[2K[G[73%] sealing (after chunk graph)
[2K[1A[2K[G[74%] sealing (optimizing)
[2K[1A[2K[G[74%] sealing (module optimization)
[2K[1A[2K[G[75%] sealing (after module optimization)
[2K[1A[2K[G[76%] sealing (chunk optimization)
[2K[1A[2K[G[76%] sealing (chunk optimization EnsureChunkConditionsPlugin)
[2K[1A[2K[G[76%] sealing (chunk optimization RemoveEmptyChunksPlugin)
[2K[1A[2K[G[76%] sealing (chunk optimization MergeDuplicateChunksPlugin)
[2K[1A[2K[G[76%] sealing (chunk optimization SplitChunksPlugin)
[2K[1A[2K[G[76%] sealing (chunk optimization RemoveEmptyChunksPlugin)
[2K[1A[2K[G[76%] sealing (chunk optimization)
[2K[1A[2K[G[76%] sealing (after chunk optimization)
[2K[1A[2K[G[77%] sealing (module and chunk tree optimization)
[2K[1A[2K[G[77%] sealing (module and chunk tree optimization PersistentChildCompilerSinglet
onPlugin)
[2K[1A[2K[1A[2K[G[77%] sealing (module and chunk tree optimization)
[2K[1A[2K[G[78%] sealing (after module and chunk tree optimization)
[2K[1A[2K[G[78%] sealing (chunk modules optimization)
[2K[1A[2K[G[79%] sealing (after chunk modules optimization)
[2K[1A[2K[G[80%] sealing (module reviving)
[2K[1A[2K[G[80%] sealing (module reviving RecordIdsPlugin)
[2K[1A[2K[G[80%] sealing (module reviving)
[2K[1A[2K[G[80%] sealing (before module ids)
[2K[1A[2K[G[81%] sealing (module ids)
[2K[1A[2K[G[81%] sealing (module ids NamedModuleIdsPlugin)
[2K[1A[2K[G[81%] sealing (module ids)
[2K[1A[2K[G[82%] sealing (module id optimization)
[2K[1A[2K[G[82%] sealing (module id optimization)
[2K[1A[2K[G[83%] sealing (chunk reviving)
[2K[1A[2K[G[83%] sealing (chunk reviving RecordIdsPlugin)
[2K[1A[2K[G[83%] sealing (chunk reviving)
[2K[1A[2K[G[83%] sealing (before chunk ids)
[2K[1A[2K[G[84%] sealing (chunk ids)
[2K[1A[2K[G[84%] sealing (chunk ids NamedChunkIdsPlugin)
[2K[1A[2K[G[84%] sealing (chunk ids)
[2K[1A[2K[G[85%] sealing (chunk id optimization)
[2K[1A[2K[G[85%] sealing (after chunk id optimization)
[2K[1A[2K[G[86%] sealing (record modules)
[2K[1A[2K[G[86%] sealing (record modules RecordIdsPlugin)
[2K[1A[2K[G[86%] sealing (record modules)
[2K[1A[2K[G[87%] sealing (record chunks)
[2K[1A[2K[G[87%] sealing (record chunks RecordIdsPlugin)
[2K[1A[2K[G[87%] sealing (record chunks)
[2K[1A[2K[G[87%] sealing (module hashing)
[2K[1A[2K[G[88%] sealing (code generation)
[2K[1A[2K[G[89%] sealing (runtime requirements)
[2K[1A[2K[G[89%] sealing (hashing)
[2K[1A[2K[G[90%] sealing (after hashing)
[2K[1A[2K[G[91%] sealing (record hash)
[2K[1A[2K[G[91%] sealing (module assets processing)
[2K[1A[2K[G[92%] sealing (chunk assets processing)
[2K[1A[2K[G[92%] sealing (asset processing)
[2K[1A[2K[G[92%] sealing (asset processing copy-webpack-plugin)
[2K[1A[2K[G[92%] sealing (asset processing HotModuleReplacementPlugin)
[2K[1A[2K[G[92%] sealing (asset processing PersistentChildCompilerSingletonPlugin)
[2K[1A[2K[G[92%] sealing (asset processing HtmlWebpackPlugin)
[2K[1A[2K[G[92%] sealing (asset processing)
[2K[1A[2K[G[93%] sealing (after asset optimization)
[2K[1A[2K[G[94%] sealing (recording)
[2K[1A[2K[G[94%] sealing (recording HotModuleReplacementPlugin)
[2K[1A[2K[G[94%] sealing (recording)
[2K[1A[2K[G[94%] sealing (after seal)
[2K[1A[2K[G[95%] emitting (emit)
[2K[1A[2K[G[98%] emitting (after emit)
[2K[1A[2K[GBuild finished at 15:42:42 by 0.000s
[2K[1A[2K[GBuild finished at 15:42:42 by 0.000s
[2K[1A[2K[GBuild finished at 15:42:42 by 0.000s
[2K[1A[2K[G DONE  Compiled successfully in 264ms15:42:42

Build finished at 15:42:42 by 0.000s
[2K[1A[2K[G
  App running at:
  - Local:   http://localhost:8001/admin-ui/ 
  - Network: unavailable

Build finished at 15:42:42 by 0.000s
[2K[1A[2K[GBuild finished at 15:42:42 by 0.000s
[2K[1A[2K[GBuild finished at 15:42:42 by 0.000s
[2K[1A[2K[GBuild finished at 15:42:42 by 0.000s
[2K[1A[2K[GBuild finished at 15:42:42 by 0.000s
[2K[1A[2K[GBuild finished at 15:42:42 by 0.000s
[2K[1A[2K[GBuild finished at 15:42:42 by 0.000s
[2K[1A[2K[GBuild finished at 15:42:42 by 0.000s
[2K[1A[2K[G WAIT  Compiling...15:42:49

Compiling...

[2K[1A[2K[G[1%] cache (end idle)
[2K[1A[2K[G[3%] setup (watch run)
[2K[1A[2K[G[3%] setup (watch run webpack-dev-middleware)
[2K[1A[2K[G[3%] setup (watch run)
[2K[1A[2K[G[4%] setup (normal module factory)
[2K[1A[2K[G[4%] setup (normal module factory CaseSensitivePathsPlugin)
[2K[1A[2K[G[4%] setup (normal module factory)
[2K[1A[2K[G[5%] setup (context module factory)
[2K[1A[2K[G[6%] setup (before compile)
[2K[1A[2K[G[7%] setup (compile)
[2K[1A[2K[G[7%] setup (compile ExternalsPlugin)
[2K[1A[2K[G[7%] setup (compile)
[2K[1A[2K[G[8%] setup (compilation)
[2K[1A[2K[G[8%] setup (compilation HtmlWebpackPlugin)
[2K[1A[2K[G[8%] setup (compilation CopyPlugin)
[2K[1A[2K[G[8%] setup (compilation ArrayPushCallbackChunkFormatPlugin)
[2K[1A[2K[G[8%] setup (compilation JsonpChunkLoadingPlugin)
[2K[1A[2K[G[8%] setup (compilation StartupChunkDependenciesPlugin)
[2K[1A[2K[G[8%] setup (compilation ImportScriptsChunkLoadingPlugin)
[2K[1A[2K[G[8%] setup (compilation WorkerAndWorkletPlugin)
[2K[1A[2K[G[8%] setup (compilation SplitChunksPlugin)
[2K[1A[2K[G[8%] setup (compilation ResolverCachePlugin)
[2K[1A[2K[G[8%] setup (compilation)
[2K[1A[2K[G[9%] setup (compilation)
[2K[1A[2K[G[9%] setup (compilation vue-loader-plugin)
[2K[1A[2K[G[9%] setup (compilation DefinePlugin)
[2K[1A[2K[G[9%] setup (compilation ProgressPlugin)
[2K[1A[2K[G[9%] setup (compilation EntryPlugin)
[2K[1A[2K[G[9%] setup (compilation ExternalsPlugin)
[2K[1A[2K[G[9%] setup (compilation ChunkPrefetchPreloadPlugin)
[2K[1A[2K[G[9%] setup (compilation ResourceHintPlugin)
[2K[1A[2K[G[9%] setup (compilation ModuleInfoHeaderPlugin)
[2K[1A[2K[G[9%] setup (compilation EvalSourceMapDevToolPlugin)
[2K[1A[2K[G[9%] setup (compilation JavascriptModulesPlugin)
[2K[1A[2K[G[9%] setup (compilation JsonModulesPlugin)
[2K[1A[2K[G[9%] setup (compilation AssetModulesPlugin)
[2K[1A[2K[G[9%] setup (compilation EntryPlugin)
[2K[1A[2K[G[9%] setup (compilation RuntimePlugin)
[2K[1A[2K[G[9%] setup (compilation InferAsyncModulesPlugin)
[2K[1A[2K[G[9%] setup (compilation DataUriPlugin)
[2K[1A[2K[G[9%] setup (compilation FileUriPlugin)
[2K[1A[2K[G[9%] setup (compilation CompatibilityPlugin)
[2K[1A[2K[G[9%] setup (compilation HarmonyModulesPlugin)
[2K[1A[2K[G[9%] setup (compilation AMDPlugin)
[2K[1A[2K[G[9%] setup (compilation RequireJsStuffPlugin)
[2K[1A[2K[G[9%] setup (compilation CommonJsPlugin)
[2K[1A[2K[G[9%] setup (compilation LoaderPlugin)
[2K[1A[2K[G[9%] setup (compilation NodeStuffPlugin)
[2K[1A[2K[G[9%] setup (compilation APIPlugin)
[2K[1A[2K[G[9%] setup (compilation ExportsInfoApiPlugin)
[2K[1A[2K[G[9%] setup (compilation WebpackIsIncludedPlugin)
[2K[1A[2K[G[9%] setup (compilation ConstPlugin)
[2K[1A[2K[G[9%] setup (compilation UseStrictPlugin)
[2K[1A[2K[G[9%] setup (compilation RequireIncludePlugin)
[2K[1A[2K[G[9%] setup (compilation RequireEnsurePlugin)
[2K[1A[2K[G[9%] setup (compilation RequireContextPlugin)
[2K[1A[2K[G[9%] setup (compilation ImportPlugin)
[2K[1A[2K[G[9%] setup (compilation ImportMetaContextPlugin)
[2K[1A[2K[G[9%] setup (compilation SystemPlugin)
[2K[1A[2K[G[9%] setup (compilation ImportMetaPlugin)
[2K[1A[2K[G[9%] setup (compilation URLPlugin)
[2K[1A[2K[G[9%] setup (compilation DefaultStatsFactoryPlugin)
[2K[1A[2K[G[9%] setup (compilation DefaultStatsPresetPlugin)
[2K[1A[2K[G[9%] setup (compilation DefaultStatsPrinterPlugin)
[2K[1A[2K[G[9%] setup (compilation JavascriptMetaInfoPlugin)
[2K[1A[2K[G[9%] setup (compilation EnsureChunkConditionsPlugin)
[2K[1A[2K[G[9%] setup (compilation RemoveEmptyChunksPlugin)
[2K[1A[2K[G[9%] setup (compilation MergeDuplicateChunksPlugin)
[2K[1A[2K[G[9%] setup (compilation SideEffectsFlagPlugin)
[2K[1A[2K[G[9%] setup (compilation FlagDependencyExportsPlugin)
[2K[1A[2K[G[9%] setup (compilation ConstExportsPlugin)
[2K[1A[2K[G[9%] setup (compilation NamedModuleIdsPlugin)
[2K[1A[2K[G[9%] setup (compilation NamedChunkIdsPlugin)
[2K[1A[2K[G[9%] setup (compilation DefinePlugin)
[2K[1A[2K[G[9%] setup (compilation TemplatedPathPlugin)
[2K[1A[2K[G[9%] setup (compilation RecordIdsPlugin)
[2K[1A[2K[G[9%] setup (compilation WarnCaseSensitiveModulesPlugin)
[2K[1A[2K[G[9%] setup (compilation EntryPlugin)
[2K[1A[2K[G[9%] setup (compilation ProvidePlugin)
[2K[1A[2K[G[9%] setup (compilation HotModuleReplacementPlugin)
[2K[1A[2K[G[9%] setup (compilation ProgressPlugin)
[2K[1A[2K[G[9%] setup (compilation)
[2K[1A[2K[G[10%] building 
[2K[1A[2K[G[10%] building (0/0 modules)
[2K[1A[2K[G[24%] building (1/4 modules)
[2K[1A[2K[G[38%] building (71/14 modules)
[2K[1A[2K[G[51%] building (86/14 modules)
[2K[1A[2K[G[51%] building (import loader @vue/vue-loader-v15/lib/index.js)
[2K[1A[2K[G[51%] building (195/109 modules)
[2K[1A[2K[G[51%] building (import loader @vue/vue-loader-v15/lib/loaders/templateLoader.js)
[2K[1A[2K[G[51%] building (382/176 modules)
[2K[1A[2K[G[51%] building (import loader css-loader/dist/cjs.js)
[2K[1A[2K[G[51%] building (import loader @vue/vue-loader-v15/lib/loaders/stylePostLoader.js
)
[2K[1A[2K[1A[2K[G[51%] building (import loader postcss-loader/dist/cjs.js)
[2K[1A[2K[G[51%] building (386/177 modules)
[2K[1A[2K[G[65%] building (395/179 modules)
[2K[1A[2K[G[65%] building 
[2K[1A[2K[G[69%] building (finish)
[2K[1A[2K[G[70%] sealing (finish module graph)
[2K[1A[2K[G[70%] sealing (finish module graph ResolverCachePlugin)
[2K[1A[2K[G[70%] sealing (finish module graph InferAsyncModulesPlugin)
[2K[1A[2K[G[70%] sealing (finish module graph FlagDependencyExportsPlugin)
[2K[1A[2K[G[70%] sealing (finish module graph)
[2K[1A[2K[G[71%] sealing (plugins)
[2K[1A[2K[G[71%] sealing (plugins WarnCaseSensitiveModulesPlugin)
[2K[1A[2K[G[71%] sealing (plugins)
[2K[1A[2K[G[71%] sealing (dependencies optimization)
[2K[1A[2K[G[71%] sealing (dependencies optimization SideEffectsFlagPlugin)
[2K[1A[2K[G[71%] sealing (dependencies optimization)
[2K[1A[2K[G[72%] sealing (after dependencies optimization)
[2K[1A[2K[G[73%] sealing (chunk graph)
[2K[1A[2K[G[73%] sealing (after chunk graph)
[2K[1A[2K[G[74%] sealing (optimizing)
[2K[1A[2K[G[74%] sealing (module optimization)
[2K[1A[2K[G[75%] sealing (after module optimization)
[2K[1A[2K[G[76%] sealing (chunk optimization)
[2K[1A[2K[G[76%] sealing (chunk optimization EnsureChunkConditionsPlugin)
[2K[1A[2K[G[76%] sealing (chunk optimization RemoveEmptyChunksPlugin)
[2K[1A[2K[G[76%] sealing (chunk optimization MergeDuplicateChunksPlugin)
[2K[1A[2K[G[76%] sealing (chunk optimization SplitChunksPlugin)
[2K[1A[2K[G[76%] sealing (chunk optimization RemoveEmptyChunksPlugin)
[2K[1A[2K[G[76%] sealing (chunk optimization)
[2K[1A[2K[G[76%] sealing (after chunk optimization)
[2K[1A[2K[G[77%] sealing (module and chunk tree optimization)
[2K[1A[2K[G[77%] sealing (module and chunk tree optimization PersistentChildCompilerSinglet
onPlugin)
[2K[1A[2K[1A[2K[G[77%] sealing (module and chunk tree optimization)
[2K[1A[2K[G[78%] sealing (after module and chunk tree optimization)
[2K[1A[2K[G[78%] sealing (chunk modules optimization)
[2K[1A[2K[G[79%] sealing (after chunk modules optimization)
[2K[1A[2K[G[80%] sealing (module reviving)
[2K[1A[2K[G[80%] sealing (module reviving RecordIdsPlugin)
[2K[1A[2K[G[80%] sealing (module reviving)
[2K[1A[2K[G[80%] sealing (before module ids)
[2K[1A[2K[G[81%] sealing (module ids)
[2K[1A[2K[G[81%] sealing (module ids NamedModuleIdsPlugin)
[2K[1A[2K[G[81%] sealing (module ids)
[2K[1A[2K[G[82%] sealing (module id optimization)
[2K[1A[2K[G[82%] sealing (module id optimization)
[2K[1A[2K[G[83%] sealing (chunk reviving)
[2K[1A[2K[G[83%] sealing (chunk reviving RecordIdsPlugin)
[2K[1A[2K[G[83%] sealing (chunk reviving)
[2K[1A[2K[G[83%] sealing (before chunk ids)
[2K[1A[2K[G[84%] sealing (chunk ids)
[2K[1A[2K[G[84%] sealing (chunk ids NamedChunkIdsPlugin)
[2K[1A[2K[G[84%] sealing (chunk ids)
[2K[1A[2K[G[85%] sealing (chunk id optimization)
[2K[1A[2K[G[85%] sealing (after chunk id optimization)
[2K[1A[2K[G[86%] sealing (record modules)
[2K[1A[2K[G[86%] sealing (record modules RecordIdsPlugin)
[2K[1A[2K[G[86%] sealing (record modules)
[2K[1A[2K[G[87%] sealing (record chunks)
[2K[1A[2K[G[87%] sealing (record chunks RecordIdsPlugin)
[2K[1A[2K[G[87%] sealing (record chunks)
[2K[1A[2K[G[87%] sealing (module hashing)
[2K[1A[2K[G[88%] sealing (code generation)
[2K[1A[2K[G[89%] sealing (runtime requirements)
[2K[1A[2K[G[89%] sealing (hashing)
[2K[1A[2K[G[90%] sealing (after hashing)
[2K[1A[2K[G[91%] sealing (record hash)
[2K[1A[2K[G[91%] sealing (module assets processing)
[2K[1A[2K[G[92%] sealing (chunk assets processing)
[2K[1A[2K[G[92%] sealing (asset processing)
[2K[1A[2K[G[92%] sealing (asset processing copy-webpack-plugin)
[2K[1A[2K[G[92%] sealing (asset processing HotModuleReplacementPlugin)
[2K[1A[2K[G[92%] sealing (asset processing PersistentChildCompilerSingletonPlugin)
[2K[1A[2K[G[92%] sealing (asset processing HtmlWebpackPlugin)
[2K[1A[2K[G[92%] sealing (asset processing)
[2K[1A[2K[G[93%] sealing (after asset optimization)
[2K[1A[2K[G[94%] sealing (recording)
[2K[1A[2K[G[94%] sealing (recording HotModuleReplacementPlugin)
[2K[1A[2K[G[94%] sealing (recording)
[2K[1A[2K[G[94%] sealing (after seal)
[2K[1A[2K[G[95%] emitting (emit)
[2K[1A[2K[G[98%] emitting (after emit)
[2K[1A[2K[GBuild finished at 15:42:50 by 0.000s
[2K[1A[2K[GBuild finished at 15:42:50 by 0.000s
[2K[1A[2K[GBuild finished at 15:42:50 by 0.000s
[2K[1A[2K[G DONE  Compiled successfully in 297ms15:42:50

Build finished at 15:42:50 by 0.000s
[2K[1A[2K[G
  App running at:
  - Local:   http://localhost:8001/admin-ui/ 
  - Network: unavailable

Build finished at 15:42:50 by 0.000s
[2K[1A[2K[GBuild finished at 15:42:50 by 0.000s
[2K[1A[2K[GBuild finished at 15:42:50 by 0.000s
[2K[1A[2K[GBuild finished at 15:42:50 by 0.000s
[2K[1A[2K[GBuild finished at 15:42:50 by 0.000s
[2K[1A[2K[GBuild finished at 15:42:50 by 0.000s
[2K[1A[2K[GBuild finished at 15:42:50 by 0.000s
[2K[1A[2K[GBuild finished at 15:42:50 by 0.000s
[2K[1A[2K[G WAIT  Compiling...15:43:23

Compiling...

[2K[1A[2K[G[1%] cache (end idle)
[2K[1A[2K[G[3%] setup (watch run)
[2K[1A[2K[G[3%] setup (watch run webpack-dev-middleware)
[2K[1A[2K[G[3%] setup (watch run)
[2K[1A[2K[G[4%] setup (normal module factory)
[2K[1A[2K[G[4%] setup (normal module factory CaseSensitivePathsPlugin)
[2K[1A[2K[G[4%] setup (normal module factory)
[2K[1A[2K[G[5%] setup (context module factory)
[2K[1A[2K[G[6%] setup (before compile)
[2K[1A[2K[G[7%] setup (compile)
[2K[1A[2K[G[7%] setup (compile ExternalsPlugin)
[2K[1A[2K[G[7%] setup (compile)
[2K[1A[2K[G[8%] setup (compilation)
[2K[1A[2K[G[8%] setup (compilation HtmlWebpackPlugin)
[2K[1A[2K[G[8%] setup (compilation CopyPlugin)
[2K[1A[2K[G[8%] setup (compilation ArrayPushCallbackChunkFormatPlugin)
[2K[1A[2K[G[8%] setup (compilation JsonpChunkLoadingPlugin)
[2K[1A[2K[G[8%] setup (compilation StartupChunkDependenciesPlugin)
[2K[1A[2K[G[8%] setup (compilation ImportScriptsChunkLoadingPlugin)
[2K[1A[2K[G[8%] setup (compilation WorkerAndWorkletPlugin)
[2K[1A[2K[G[8%] setup (compilation SplitChunksPlugin)
[2K[1A[2K[G[8%] setup (compilation ResolverCachePlugin)
[2K[1A[2K[G[8%] setup (compilation)
[2K[1A[2K[G[9%] setup (compilation)
[2K[1A[2K[G[9%] setup (compilation vue-loader-plugin)
[2K[1A[2K[G[9%] setup (compilation DefinePlugin)
[2K[1A[2K[G[9%] setup (compilation ProgressPlugin)
[2K[1A[2K[G[9%] setup (compilation EntryPlugin)
[2K[1A[2K[G[9%] setup (compilation ExternalsPlugin)
[2K[1A[2K[G[9%] setup (compilation ChunkPrefetchPreloadPlugin)
[2K[1A[2K[G[9%] setup (compilation ResourceHintPlugin)
[2K[1A[2K[G[9%] setup (compilation ModuleInfoHeaderPlugin)
[2K[1A[2K[G[9%] setup (compilation EvalSourceMapDevToolPlugin)
[2K[1A[2K[G[9%] setup (compilation JavascriptModulesPlugin)
[2K[1A[2K[G[9%] setup (compilation JsonModulesPlugin)
[2K[1A[2K[G[9%] setup (compilation AssetModulesPlugin)
[2K[1A[2K[G[9%] setup (compilation EntryPlugin)
[2K[1A[2K[G[9%] setup (compilation RuntimePlugin)
[2K[1A[2K[G[9%] setup (compilation InferAsyncModulesPlugin)
[2K[1A[2K[G[9%] setup (compilation DataUriPlugin)
[2K[1A[2K[G[9%] setup (compilation FileUriPlugin)
[2K[1A[2K[G[9%] setup (compilation CompatibilityPlugin)
[2K[1A[2K[G[9%] setup (compilation HarmonyModulesPlugin)
[2K[1A[2K[G[9%] setup (compilation AMDPlugin)
[2K[1A[2K[G[9%] setup (compilation RequireJsStuffPlugin)
[2K[1A[2K[G[9%] setup (compilation CommonJsPlugin)
[2K[1A[2K[G[9%] setup (compilation LoaderPlugin)
[2K[1A[2K[G[9%] setup (compilation NodeStuffPlugin)
[2K[1A[2K[G[9%] setup (compilation APIPlugin)
[2K[1A[2K[G[9%] setup (compilation ExportsInfoApiPlugin)
[2K[1A[2K[G[9%] setup (compilation WebpackIsIncludedPlugin)
[2K[1A[2K[G[9%] setup (compilation ConstPlugin)
[2K[1A[2K[G[9%] setup (compilation UseStrictPlugin)
[2K[1A[2K[G[9%] setup (compilation RequireIncludePlugin)
[2K[1A[2K[G[9%] setup (compilation RequireEnsurePlugin)
[2K[1A[2K[G[9%] setup (compilation RequireContextPlugin)
[2K[1A[2K[G[9%] setup (compilation ImportPlugin)
[2K[1A[2K[G[9%] setup (compilation ImportMetaContextPlugin)
[2K[1A[2K[G[9%] setup (compilation SystemPlugin)
[2K[1A[2K[G[9%] setup (compilation ImportMetaPlugin)
[2K[1A[2K[G[9%] setup (compilation URLPlugin)
[2K[1A[2K[G[9%] setup (compilation DefaultStatsFactoryPlugin)
[2K[1A[2K[G[9%] setup (compilation DefaultStatsPresetPlugin)
[2K[1A[2K[G[9%] setup (compilation DefaultStatsPrinterPlugin)
[2K[1A[2K[G[9%] setup (compilation JavascriptMetaInfoPlugin)
[2K[1A[2K[G[9%] setup (compilation EnsureChunkConditionsPlugin)
[2K[1A[2K[G[9%] setup (compilation RemoveEmptyChunksPlugin)
[2K[1A[2K[G[9%] setup (compilation MergeDuplicateChunksPlugin)
[2K[1A[2K[G[9%] setup (compilation SideEffectsFlagPlugin)
[2K[1A[2K[G[9%] setup (compilation FlagDependencyExportsPlugin)
[2K[1A[2K[G[9%] setup (compilation ConstExportsPlugin)
[2K[1A[2K[G[9%] setup (compilation NamedModuleIdsPlugin)
[2K[1A[2K[G[9%] setup (compilation NamedChunkIdsPlugin)
[2K[1A[2K[G[9%] setup (compilation DefinePlugin)
[2K[1A[2K[G[9%] setup (compilation TemplatedPathPlugin)
[2K[1A[2K[G[9%] setup (compilation RecordIdsPlugin)
[2K[1A[2K[G[9%] setup (compilation WarnCaseSensitiveModulesPlugin)
[2K[1A[2K[G[9%] setup (compilation EntryPlugin)
[2K[1A[2K[G[9%] setup (compilation ProvidePlugin)
[2K[1A[2K[G[9%] setup (compilation HotModuleReplacementPlugin)
[2K[1A[2K[G[9%] setup (compilation ProgressPlugin)
[2K[1A[2K[G[9%] setup (compilation)
[2K[1A[2K[G[10%] building 
[2K[1A[2K[G[10%] building (0/0 modules)
[2K[1A[2K[G[24%] building (7/5 modules)
[2K[1A[2K[G[38%] building (83/23 modules)
[2K[1A[2K[G[51%] building (91/30 modules)
[2K[1A[2K[G[51%] building (import loader @vue/vue-loader-v15/lib/index.js)
[2K[1A[2K[G[51%] building (382/167 modules)
[2K[1A[2K[G[51%] building (import loader @vue/vue-loader-v15/lib/loaders/templateLoader.js)
[2K[1A[2K[G[51%] building (382/174 modules)
[2K[1A[2K[G[51%] building (import loader css-loader/dist/cjs.js)
[2K[1A[2K[G[51%] building (import loader @vue/vue-loader-v15/lib/loaders/stylePostLoader.js
)
[2K[1A[2K[1A[2K[G[51%] building (import loader postcss-loader/dist/cjs.js)
[2K[1A[2K[G[51%] building (386/177 modules)
[2K[1A[2K[G[65%] building (395/179 modules)
[2K[1A[2K[G[65%] building 
[2K[1A[2K[G[69%] building (finish)
[2K[1A[2K[G[70%] sealing (finish module graph)
[2K[1A[2K[G[70%] sealing (finish module graph ResolverCachePlugin)
[2K[1A[2K[G[70%] sealing (finish module graph InferAsyncModulesPlugin)
[2K[1A[2K[G[70%] sealing (finish module graph FlagDependencyExportsPlugin)
[2K[1A[2K[G[70%] sealing (finish module graph)
[2K[1A[2K[G[71%] sealing (plugins)
[2K[1A[2K[G[71%] sealing (plugins WarnCaseSensitiveModulesPlugin)
[2K[1A[2K[G[71%] sealing (plugins)
[2K[1A[2K[G[71%] sealing (dependencies optimization)
[2K[1A[2K[G[71%] sealing (dependencies optimization SideEffectsFlagPlugin)
[2K[1A[2K[G[71%] sealing (dependencies optimization)
[2K[1A[2K[G[72%] sealing (after dependencies optimization)
[2K[1A[2K[G[73%] sealing (chunk graph)
[2K[1A[2K[G[73%] sealing (after chunk graph)
[2K[1A[2K[G[74%] sealing (optimizing)
[2K[1A[2K[G[74%] sealing (module optimization)
[2K[1A[2K[G[75%] sealing (after module optimization)
[2K[1A[2K[G[76%] sealing (chunk optimization)
[2K[1A[2K[G[76%] sealing (chunk optimization EnsureChunkConditionsPlugin)
[2K[1A[2K[G[76%] sealing (chunk optimization RemoveEmptyChunksPlugin)
[2K[1A[2K[G[76%] sealing (chunk optimization MergeDuplicateChunksPlugin)
[2K[1A[2K[G[76%] sealing (chunk optimization SplitChunksPlugin)
[2K[1A[2K[G[76%] sealing (chunk optimization RemoveEmptyChunksPlugin)
[2K[1A[2K[G[76%] sealing (chunk optimization)
[2K[1A[2K[G[76%] sealing (after chunk optimization)
[2K[1A[2K[G[77%] sealing (module and chunk tree optimization)
[2K[1A[2K[G[77%] sealing (module and chunk tree optimization PersistentChildCompilerSinglet
onPlugin)
[2K[1A[2K[1A[2K[G[77%] sealing (module and chunk tree optimization)
[2K[1A[2K[G[78%] sealing (after module and chunk tree optimization)
[2K[1A[2K[G[78%] sealing (chunk modules optimization)
[2K[1A[2K[G[79%] sealing (after chunk modules optimization)
[2K[1A[2K[G[80%] sealing (module reviving)
[2K[1A[2K[G[80%] sealing (module reviving RecordIdsPlugin)
[2K[1A[2K[G[80%] sealing (module reviving)
[2K[1A[2K[G[80%] sealing (before module ids)
[2K[1A[2K[G[81%] sealing (module ids)
[2K[1A[2K[G[81%] sealing (module ids NamedModuleIdsPlugin)
[2K[1A[2K[G[81%] sealing (module ids)
[2K[1A[2K[G[82%] sealing (module id optimization)
[2K[1A[2K[G[82%] sealing (module id optimization)
[2K[1A[2K[G[83%] sealing (chunk reviving)
[2K[1A[2K[G[83%] sealing (chunk reviving RecordIdsPlugin)
[2K[1A[2K[G[83%] sealing (chunk reviving)
[2K[1A[2K[G[83%] sealing (before chunk ids)
[2K[1A[2K[G[84%] sealing (chunk ids)
[2K[1A[2K[G[84%] sealing (chunk ids NamedChunkIdsPlugin)
[2K[1A[2K[G[84%] sealing (chunk ids)
[2K[1A[2K[G[85%] sealing (chunk id optimization)
[2K[1A[2K[G[85%] sealing (after chunk id optimization)
[2K[1A[2K[G[86%] sealing (record modules)
[2K[1A[2K[G[86%] sealing (record modules RecordIdsPlugin)
[2K[1A[2K[G[86%] sealing (record modules)
[2K[1A[2K[G[87%] sealing (record chunks)
[2K[1A[2K[G[87%] sealing (record chunks RecordIdsPlugin)
[2K[1A[2K[G[87%] sealing (record chunks)
[2K[1A[2K[G[87%] sealing (module hashing)
[2K[1A[2K[G[88%] sealing (code generation)
[2K[1A[2K[G[89%] sealing (runtime requirements)
[2K[1A[2K[G[89%] sealing (hashing)
[2K[1A[2K[G[90%] sealing (after hashing)
[2K[1A[2K[G[91%] sealing (record hash)
[2K[1A[2K[G[91%] sealing (module assets processing)
[2K[1A[2K[G[92%] sealing (chunk assets processing)
[2K[1A[2K[G[92%] sealing (asset processing)
[2K[1A[2K[G[92%] sealing (asset processing copy-webpack-plugin)
[2K[1A[2K[G[92%] sealing (asset processing HotModuleReplacementPlugin)
[2K[1A[2K[G[92%] sealing (asset processing PersistentChildCompilerSingletonPlugin)
[2K[1A[2K[G[92%] sealing (asset processing HtmlWebpackPlugin)
[2K[1A[2K[G[92%] sealing (asset processing)
[2K[1A[2K[G[93%] sealing (after asset optimization)
[2K[1A[2K[G[94%] sealing (recording)
[2K[1A[2K[G[94%] sealing (recording HotModuleReplacementPlugin)
[2K[1A[2K[G[94%] sealing (recording)
[2K[1A[2K[G[94%] sealing (after seal)
[2K[1A[2K[G[95%] emitting (emit)
[2K[1A[2K[G[98%] emitting (after emit)
[2K[1A[2K[GBuild finished at 15:43:24 by 0.000s
[2K[1A[2K[GBuild finished at 15:43:24 by 0.000s
[2K[1A[2K[GBuild finished at 15:43:24 by 0.000s
[2K[1A[2K[G DONE  Compiled successfully in 332ms15:43:24

Build finished at 15:43:24 by 0.000s
[2K[1A[2K[G
  App running at:
  - Local:   http://localhost:8001/admin-ui/ 
  - Network: unavailable

Build finished at 15:43:24 by 0.000s
[2K[1A[2K[GBuild finished at 15:43:24 by 0.000s
[2K[1A[2K[GBuild finished at 15:43:24 by 0.000s
[2K[1A[2K[GBuild finished at 15:43:24 by 0.000s
[2K[1A[2K[GBuild finished at 15:43:24 by 0.000s
[2K[1A[2K[GBuild finished at 15:43:24 by 0.000s
[2K[1A[2K[GBuild finished at 15:43:24 by 0.000s
[2K[1A[2K[GBuild finished at 15:43:24 by 0.000s
[2K[1A[2K[G WAIT  Compiling...15:50:43

Compiling...

[2K[1A[2K[G[1%] cache (end idle)
[2K[1A[2K[G[3%] setup (watch run)
[2K[1A[2K[G[3%] setup (watch run webpack-dev-middleware)
[2K[1A[2K[G[3%] setup (watch run)
[2K[1A[2K[G[4%] setup (normal module factory)
[2K[1A[2K[G[4%] setup (normal module factory CaseSensitivePathsPlugin)
[2K[1A[2K[G[4%] setup (normal module factory)
[2K[1A[2K[G[5%] setup (context module factory)
[2K[1A[2K[G[6%] setup (before compile)
[2K[1A[2K[G[7%] setup (compile)
[2K[1A[2K[G[7%] setup (compile ExternalsPlugin)
[2K[1A[2K[G[7%] setup (compile)
[2K[1A[2K[G[8%] setup (compilation)
[2K[1A[2K[G[8%] setup (compilation HtmlWebpackPlugin)
[2K[1A[2K[G[8%] setup (compilation CopyPlugin)
[2K[1A[2K[G[8%] setup (compilation ArrayPushCallbackChunkFormatPlugin)
[2K[1A[2K[G[8%] setup (compilation JsonpChunkLoadingPlugin)
[2K[1A[2K[G[8%] setup (compilation StartupChunkDependenciesPlugin)
[2K[1A[2K[G[8%] setup (compilation ImportScriptsChunkLoadingPlugin)
[2K[1A[2K[G[8%] setup (compilation WorkerAndWorkletPlugin)
[2K[1A[2K[G[8%] setup (compilation SplitChunksPlugin)
[2K[1A[2K[G[8%] setup (compilation ResolverCachePlugin)
[2K[1A[2K[G[8%] setup (compilation)
[2K[1A[2K[G[9%] setup (compilation)
[2K[1A[2K[G[9%] setup (compilation vue-loader-plugin)
[2K[1A[2K[G[9%] setup (compilation DefinePlugin)
[2K[1A[2K[G[9%] setup (compilation ProgressPlugin)
[2K[1A[2K[G[9%] setup (compilation EntryPlugin)
[2K[1A[2K[G[9%] setup (compilation ExternalsPlugin)
[2K[1A[2K[G[9%] setup (compilation ChunkPrefetchPreloadPlugin)
[2K[1A[2K[G[9%] setup (compilation ResourceHintPlugin)
[2K[1A[2K[G[9%] setup (compilation ModuleInfoHeaderPlugin)
[2K[1A[2K[G[9%] setup (compilation EvalSourceMapDevToolPlugin)
[2K[1A[2K[G[9%] setup (compilation JavascriptModulesPlugin)
[2K[1A[2K[G[9%] setup (compilation JsonModulesPlugin)
[2K[1A[2K[G[9%] setup (compilation AssetModulesPlugin)
[2K[1A[2K[G[9%] setup (compilation EntryPlugin)
[2K[1A[2K[G[9%] setup (compilation RuntimePlugin)
[2K[1A[2K[G[9%] setup (compilation InferAsyncModulesPlugin)
[2K[1A[2K[G[9%] setup (compilation DataUriPlugin)
[2K[1A[2K[G[9%] setup (compilation FileUriPlugin)
[2K[1A[2K[G[9%] setup (compilation CompatibilityPlugin)
[2K[1A[2K[G[9%] setup (compilation HarmonyModulesPlugin)
[2K[1A[2K[G[9%] setup (compilation AMDPlugin)
[2K[1A[2K[G[9%] setup (compilation RequireJsStuffPlugin)
[2K[1A[2K[G[9%] setup (compilation CommonJsPlugin)
[2K[1A[2K[G[9%] setup (compilation LoaderPlugin)
[2K[1A[2K[G[9%] setup (compilation NodeStuffPlugin)
[2K[1A[2K[G[9%] setup (compilation APIPlugin)
[2K[1A[2K[G[9%] setup (compilation ExportsInfoApiPlugin)
[2K[1A[2K[G[9%] setup (compilation WebpackIsIncludedPlugin)
[2K[1A[2K[G[9%] setup (compilation ConstPlugin)
[2K[1A[2K[G[9%] setup (compilation UseStrictPlugin)
[2K[1A[2K[G[9%] setup (compilation RequireIncludePlugin)
[2K[1A[2K[G[9%] setup (compilation RequireEnsurePlugin)
[2K[1A[2K[G[9%] setup (compilation RequireContextPlugin)
[2K[1A[2K[G[9%] setup (compilation ImportPlugin)
[2K[1A[2K[G[9%] setup (compilation ImportMetaContextPlugin)
[2K[1A[2K[G[9%] setup (compilation SystemPlugin)
[2K[1A[2K[G[9%] setup (compilation ImportMetaPlugin)
[2K[1A[2K[G[9%] setup (compilation URLPlugin)
[2K[1A[2K[G[9%] setup (compilation DefaultStatsFactoryPlugin)
[2K[1A[2K[G[9%] setup (compilation DefaultStatsPresetPlugin)
[2K[1A[2K[G[9%] setup (compilation DefaultStatsPrinterPlugin)
[2K[1A[2K[G[9%] setup (compilation JavascriptMetaInfoPlugin)
[2K[1A[2K[G[9%] setup (compilation EnsureChunkConditionsPlugin)
[2K[1A[2K[G[9%] setup (compilation RemoveEmptyChunksPlugin)
[2K[1A[2K[G[9%] setup (compilation MergeDuplicateChunksPlugin)
[2K[1A[2K[G[9%] setup (compilation SideEffectsFlagPlugin)
[2K[1A[2K[G[9%] setup (compilation FlagDependencyExportsPlugin)
[2K[1A[2K[G[9%] setup (compilation ConstExportsPlugin)
[2K[1A[2K[G[9%] setup (compilation NamedModuleIdsPlugin)
[2K[1A[2K[G[9%] setup (compilation NamedChunkIdsPlugin)
[2K[1A[2K[G[9%] setup (compilation DefinePlugin)
[2K[1A[2K[G[9%] setup (compilation TemplatedPathPlugin)
[2K[1A[2K[G[9%] setup (compilation RecordIdsPlugin)
[2K[1A[2K[G[9%] setup (compilation WarnCaseSensitiveModulesPlugin)
[2K[1A[2K[G[9%] setup (compilation EntryPlugin)
[2K[1A[2K[G[9%] setup (compilation ProvidePlugin)
[2K[1A[2K[G[9%] setup (compilation HotModuleReplacementPlugin)
[2K[1A[2K[G[9%] setup (compilation ProgressPlugin)
[2K[1A[2K[G[9%] setup (compilation)
[2K[1A[2K[G[10%] building 
[2K[1A[2K[G[10%] building (0/0 modules)
[2K[1A[2K[G[24%] building (14/7 modules)
[2K[1A[2K[G[38%] building (15/7 modules)
[2K[1A[2K[G[51%] building (87/24 modules)
[2K[1A[2K[G[51%] building (import loader @vue/vue-loader-v15/lib/index.js)
[2K[1A[2K[G[51%] building (385/170 modules)
[2K[1A[2K[G[51%] building (import loader @vue/vue-loader-v15/lib/loaders/templateLoader.js)
[2K[1A[2K[G[51%] building (385/175 modules)
[2K[1A[2K[G[65%] building (395/177 modules)
[2K[1A[2K[G[65%] building 
[2K[1A[2K[G[69%] building (finish)
[2K[1A[2K[G[70%] sealing (finish module graph)
[2K[1A[2K[G[70%] sealing (finish module graph ResolverCachePlugin)
[2K[1A[2K[G[70%] sealing (finish module graph InferAsyncModulesPlugin)
[2K[1A[2K[G[70%] sealing (finish module graph FlagDependencyExportsPlugin)
[2K[1A[2K[G[70%] sealing (finish module graph)
[2K[1A[2K[G[71%] sealing (plugins)
[2K[1A[2K[G[71%] sealing (plugins WarnCaseSensitiveModulesPlugin)
[2K[1A[2K[G[71%] sealing (plugins)
[2K[1A[2K[G[71%] sealing (dependencies optimization)
[2K[1A[2K[G[71%] sealing (dependencies optimization SideEffectsFlagPlugin)
[2K[1A[2K[G[71%] sealing (dependencies optimization)
[2K[1A[2K[G[72%] sealing (after dependencies optimization)
[2K[1A[2K[G[73%] sealing (chunk graph)
[2K[1A[2K[G[73%] sealing (after chunk graph)
[2K[1A[2K[G[74%] sealing (optimizing)
[2K[1A[2K[G[74%] sealing (module optimization)
[2K[1A[2K[G[75%] sealing (after module optimization)
[2K[1A[2K[G[76%] sealing (chunk optimization)
[2K[1A[2K[G[76%] sealing (chunk optimization EnsureChunkConditionsPlugin)
[2K[1A[2K[G[76%] sealing (chunk optimization RemoveEmptyChunksPlugin)
[2K[1A[2K[G[76%] sealing (chunk optimization MergeDuplicateChunksPlugin)
[2K[1A[2K[G[76%] sealing (chunk optimization SplitChunksPlugin)
[2K[1A[2K[G[76%] sealing (chunk optimization RemoveEmptyChunksPlugin)
[2K[1A[2K[G[76%] sealing (chunk optimization)
[2K[1A[2K[G[76%] sealing (after chunk optimization)
[2K[1A[2K[G[77%] sealing (module and chunk tree optimization)
[2K[1A[2K[G[77%] sealing (module and chunk tree optimization PersistentChildCompilerSinglet
onPlugin)
[2K[1A[2K[1A[2K[G[77%] sealing (module and chunk tree optimization)
[2K[1A[2K[G[78%] sealing (after module and chunk tree optimization)
[2K[1A[2K[G[78%] sealing (chunk modules optimization)
[2K[1A[2K[G[79%] sealing (after chunk modules optimization)
[2K[1A[2K[G[80%] sealing (module reviving)
[2K[1A[2K[G[80%] sealing (module reviving RecordIdsPlugin)
[2K[1A[2K[G[80%] sealing (module reviving)
[2K[1A[2K[G[80%] sealing (before module ids)
[2K[1A[2K[G[81%] sealing (module ids)
[2K[1A[2K[G[81%] sealing (module ids NamedModuleIdsPlugin)
[2K[1A[2K[G[81%] sealing (module ids)
[2K[1A[2K[G[82%] sealing (module id optimization)
[2K[1A[2K[G[82%] sealing (module id optimization)
[2K[1A[2K[G[83%] sealing (chunk reviving)
[2K[1A[2K[G[83%] sealing (chunk reviving RecordIdsPlugin)
[2K[1A[2K[G[83%] sealing (chunk reviving)
[2K[1A[2K[G[83%] sealing (before chunk ids)
[2K[1A[2K[G[84%] sealing (chunk ids)
[2K[1A[2K[G[84%] sealing (chunk ids NamedChunkIdsPlugin)
[2K[1A[2K[G[84%] sealing (chunk ids)
[2K[1A[2K[G[85%] sealing (chunk id optimization)
[2K[1A[2K[G[85%] sealing (after chunk id optimization)
[2K[1A[2K[G[86%] sealing (record modules)
[2K[1A[2K[G[86%] sealing (record modules RecordIdsPlugin)
[2K[1A[2K[G[86%] sealing (record modules)
[2K[1A[2K[G[87%] sealing (record chunks)
[2K[1A[2K[G[87%] sealing (record chunks RecordIdsPlugin)
[2K[1A[2K[G[87%] sealing (record chunks)
[2K[1A[2K[G[87%] sealing (module hashing)
[2K[1A[2K[G[88%] sealing (code generation)
[2K[1A[2K[G[89%] sealing (runtime requirements)
[2K[1A[2K[G[89%] sealing (hashing)
[2K[1A[2K[G[90%] sealing (after hashing)
[2K[1A[2K[G[91%] sealing (record hash)
[2K[1A[2K[G[91%] sealing (module assets processing)
[2K[1A[2K[G[92%] sealing (chunk assets processing)
[2K[1A[2K[G[92%] sealing (asset processing)
[2K[1A[2K[G[92%] sealing (asset processing copy-webpack-plugin)
[2K[1A[2K[G[92%] sealing (asset processing HotModuleReplacementPlugin)
[2K[1A[2K[G[92%] sealing (asset processing PersistentChildCompilerSingletonPlugin)
[2K[1A[2K[G[92%] sealing (asset processing HtmlWebpackPlugin)
[2K[1A[2K[G[92%] sealing (asset processing)
[2K[1A[2K[G[93%] sealing (after asset optimization)
[2K[1A[2K[G[94%] sealing (recording)
[2K[1A[2K[G[94%] sealing (recording HotModuleReplacementPlugin)
[2K[1A[2K[G[94%] sealing (recording)
[2K[1A[2K[G[94%] sealing (after seal)
[2K[1A[2K[G[95%] emitting (emit)
[2K[1A[2K[G[98%] emitting (after emit)
[2K[1A[2K[GBuild finished at 15:50:43 by 0.000s
[2K[1A[2K[GBuild finished at 15:50:43 by 0.000s
[2K[1A[2K[GBuild finished at 15:50:43 by 0.000s
[2K[1A[2K[G DONE  Compiled successfully in 253ms15:50:43

Build finished at 15:50:43 by 0.000s
[2K[1A[2K[G
  App running at:
  - Local:   http://localhost:8001/admin-ui/ 
  - Network: unavailable

Build finished at 15:50:43 by 0.000s
[2K[1A[2K[GBuild finished at 15:50:43 by 0.000s
[2K[1A[2K[GBuild finished at 15:50:43 by 0.000s
[2K[1A[2K[GBuild finished at 15:50:43 by 0.000s
[2K[1A[2K[GBuild finished at 15:50:43 by 0.000s
[2K[1A[2K[GBuild finished at 15:50:43 by 0.000s
[2K[1A[2K[GBuild finished at 15:50:43 by 0.000s
[2K[1A[2K[GBuild finished at 15:50:43 by 0.000s
[2K[1A[2K[G WAIT  Compiling...15:50:49

Compiling...

[2K[1A[2K[G[1%] cache (end idle)
[2K[1A[2K[G[3%] setup (watch run)
[2K[1A[2K[G[3%] setup (watch run webpack-dev-middleware)
[2K[1A[2K[G[3%] setup (watch run)
[2K[1A[2K[G[4%] setup (normal module factory)
[2K[1A[2K[G[4%] setup (normal module factory CaseSensitivePathsPlugin)
[2K[1A[2K[G[4%] setup (normal module factory)
[2K[1A[2K[G[5%] setup (context module factory)
[2K[1A[2K[G[6%] setup (before compile)
[2K[1A[2K[G[7%] setup (compile)
[2K[1A[2K[G[7%] setup (compile ExternalsPlugin)
[2K[1A[2K[G[7%] setup (compile)
[2K[1A[2K[G[8%] setup (compilation)
[2K[1A[2K[G[8%] setup (compilation HtmlWebpackPlugin)
[2K[1A[2K[G[8%] setup (compilation CopyPlugin)
[2K[1A[2K[G[8%] setup (compilation ArrayPushCallbackChunkFormatPlugin)
[2K[1A[2K[G[8%] setup (compilation JsonpChunkLoadingPlugin)
[2K[1A[2K[G[8%] setup (compilation StartupChunkDependenciesPlugin)
[2K[1A[2K[G[8%] setup (compilation ImportScriptsChunkLoadingPlugin)
[2K[1A[2K[G[8%] setup (compilation WorkerAndWorkletPlugin)
[2K[1A[2K[G[8%] setup (compilation SplitChunksPlugin)
[2K[1A[2K[G[8%] setup (compilation ResolverCachePlugin)
[2K[1A[2K[G[8%] setup (compilation)
[2K[1A[2K[G[9%] setup (compilation)
[2K[1A[2K[G[9%] setup (compilation vue-loader-plugin)
[2K[1A[2K[G[9%] setup (compilation DefinePlugin)
[2K[1A[2K[G[9%] setup (compilation ProgressPlugin)
[2K[1A[2K[G[9%] setup (compilation EntryPlugin)
[2K[1A[2K[G[9%] setup (compilation ExternalsPlugin)
[2K[1A[2K[G[9%] setup (compilation ChunkPrefetchPreloadPlugin)
[2K[1A[2K[G[9%] setup (compilation ResourceHintPlugin)
[2K[1A[2K[G[9%] setup (compilation ModuleInfoHeaderPlugin)
[2K[1A[2K[G[9%] setup (compilation EvalSourceMapDevToolPlugin)
[2K[1A[2K[G[9%] setup (compilation JavascriptModulesPlugin)
[2K[1A[2K[G[9%] setup (compilation JsonModulesPlugin)
[2K[1A[2K[G[9%] setup (compilation AssetModulesPlugin)
[2K[1A[2K[G[9%] setup (compilation EntryPlugin)
[2K[1A[2K[G[9%] setup (compilation RuntimePlugin)
[2K[1A[2K[G[9%] setup (compilation InferAsyncModulesPlugin)
[2K[1A[2K[G[9%] setup (compilation DataUriPlugin)
[2K[1A[2K[G[9%] setup (compilation FileUriPlugin)
[2K[1A[2K[G[9%] setup (compilation CompatibilityPlugin)
[2K[1A[2K[G[9%] setup (compilation HarmonyModulesPlugin)
[2K[1A[2K[G[9%] setup (compilation AMDPlugin)
[2K[1A[2K[G[9%] setup (compilation RequireJsStuffPlugin)
[2K[1A[2K[G[9%] setup (compilation CommonJsPlugin)
[2K[1A[2K[G[9%] setup (compilation LoaderPlugin)
[2K[1A[2K[G[9%] setup (compilation NodeStuffPlugin)
[2K[1A[2K[G[9%] setup (compilation APIPlugin)
[2K[1A[2K[G[9%] setup (compilation ExportsInfoApiPlugin)
[2K[1A[2K[G[9%] setup (compilation WebpackIsIncludedPlugin)
[2K[1A[2K[G[9%] setup (compilation ConstPlugin)
[2K[1A[2K[G[9%] setup (compilation UseStrictPlugin)
[2K[1A[2K[G[9%] setup (compilation RequireIncludePlugin)
[2K[1A[2K[G[9%] setup (compilation RequireEnsurePlugin)
[2K[1A[2K[G[9%] setup (compilation RequireContextPlugin)
[2K[1A[2K[G[9%] setup (compilation ImportPlugin)
[2K[1A[2K[G[9%] setup (compilation ImportMetaContextPlugin)
[2K[1A[2K[G[9%] setup (compilation SystemPlugin)
[2K[1A[2K[G[9%] setup (compilation ImportMetaPlugin)
[2K[1A[2K[G[9%] setup (compilation URLPlugin)
[2K[1A[2K[G[9%] setup (compilation DefaultStatsFactoryPlugin)
[2K[1A[2K[G[9%] setup (compilation DefaultStatsPresetPlugin)
[2K[1A[2K[G[9%] setup (compilation DefaultStatsPrinterPlugin)
[2K[1A[2K[G[9%] setup (compilation JavascriptMetaInfoPlugin)
[2K[1A[2K[G[9%] setup (compilation EnsureChunkConditionsPlugin)
[2K[1A[2K[G[9%] setup (compilation RemoveEmptyChunksPlugin)
[2K[1A[2K[G[9%] setup (compilation MergeDuplicateChunksPlugin)
[2K[1A[2K[G[9%] setup (compilation SideEffectsFlagPlugin)
[2K[1A[2K[G[9%] setup (compilation FlagDependencyExportsPlugin)
[2K[1A[2K[G[9%] setup (compilation ConstExportsPlugin)
[2K[1A[2K[G[9%] setup (compilation NamedModuleIdsPlugin)
[2K[1A[2K[G[9%] setup (compilation NamedChunkIdsPlugin)
[2K[1A[2K[G[9%] setup (compilation DefinePlugin)
[2K[1A[2K[G[9%] setup (compilation TemplatedPathPlugin)
[2K[1A[2K[G[9%] setup (compilation RecordIdsPlugin)
[2K[1A[2K[G[9%] setup (compilation WarnCaseSensitiveModulesPlugin)
[2K[1A[2K[G[9%] setup (compilation EntryPlugin)
[2K[1A[2K[G[9%] setup (compilation ProvidePlugin)
[2K[1A[2K[G[9%] setup (compilation HotModuleReplacementPlugin)
[2K[1A[2K[G[9%] setup (compilation ProgressPlugin)
[2K[1A[2K[G[9%] setup (compilation)
[2K[1A[2K[G[10%] building 
[2K[1A[2K[G[10%] building (0/0 modules)
[2K[1A[2K[G[24%] building (1/4 modules)
[2K[1A[2K[G[38%] building (71/14 modules)
[2K[1A[2K[G[51%] building (86/14 modules)
[2K[1A[2K[G[51%] building (import loader @vue/vue-loader-v15/lib/index.js)
[2K[1A[2K[G[51%] building (195/110 modules)
[2K[1A[2K[G[51%] building (import loader @vue/vue-loader-v15/lib/loaders/templateLoader.js)
[2K[1A[2K[G[51%] building (385/177 modules)
[2K[1A[2K[G[65%] building (395/177 modules)
[2K[1A[2K[G[65%] building 
[2K[1A[2K[G[69%] building (finish)
[2K[1A[2K[G[70%] sealing (finish module graph)
[2K[1A[2K[G[70%] sealing (finish module graph ResolverCachePlugin)
[2K[1A[2K[G[70%] sealing (finish module graph InferAsyncModulesPlugin)
[2K[1A[2K[G[70%] sealing (finish module graph FlagDependencyExportsPlugin)
[2K[1A[2K[G[70%] sealing (finish module graph)
[2K[1A[2K[G[71%] sealing (plugins)
[2K[1A[2K[G[71%] sealing (plugins WarnCaseSensitiveModulesPlugin)
[2K[1A[2K[G[71%] sealing (plugins)
[2K[1A[2K[G[71%] sealing (dependencies optimization)
[2K[1A[2K[G[71%] sealing (dependencies optimization SideEffectsFlagPlugin)
[2K[1A[2K[G[71%] sealing (dependencies optimization)
[2K[1A[2K[G[72%] sealing (after dependencies optimization)
[2K[1A[2K[G[73%] sealing (chunk graph)
[2K[1A[2K[G[73%] sealing (after chunk graph)
[2K[1A[2K[G[74%] sealing (optimizing)
[2K[1A[2K[G[74%] sealing (module optimization)
[2K[1A[2K[G[75%] sealing (after module optimization)
[2K[1A[2K[G[76%] sealing (chunk optimization)
[2K[1A[2K[G[76%] sealing (chunk optimization EnsureChunkConditionsPlugin)
[2K[1A[2K[G[76%] sealing (chunk optimization RemoveEmptyChunksPlugin)
[2K[1A[2K[G[76%] sealing (chunk optimization MergeDuplicateChunksPlugin)
[2K[1A[2K[G[76%] sealing (chunk optimization SplitChunksPlugin)
[2K[1A[2K[G[76%] sealing (chunk optimization RemoveEmptyChunksPlugin)
[2K[1A[2K[G[76%] sealing (chunk optimization)
[2K[1A[2K[G[76%] sealing (after chunk optimization)
[2K[1A[2K[G[77%] sealing (module and chunk tree optimization)
[2K[1A[2K[G[77%] sealing (module and chunk tree optimization PersistentChildCompilerSinglet
onPlugin)
[2K[1A[2K[1A[2K[G[77%] sealing (module and chunk tree optimization)
[2K[1A[2K[G[78%] sealing (after module and chunk tree optimization)
[2K[1A[2K[G[78%] sealing (chunk modules optimization)
[2K[1A[2K[G[79%] sealing (after chunk modules optimization)
[2K[1A[2K[G[80%] sealing (module reviving)
[2K[1A[2K[G[80%] sealing (module reviving RecordIdsPlugin)
[2K[1A[2K[G[80%] sealing (module reviving)
[2K[1A[2K[G[80%] sealing (before module ids)
[2K[1A[2K[G[81%] sealing (module ids)
[2K[1A[2K[G[81%] sealing (module ids NamedModuleIdsPlugin)
[2K[1A[2K[G[81%] sealing (module ids)
[2K[1A[2K[G[82%] sealing (module id optimization)
[2K[1A[2K[G[82%] sealing (module id optimization)
[2K[1A[2K[G[83%] sealing (chunk reviving)
[2K[1A[2K[G[83%] sealing (chunk reviving RecordIdsPlugin)
[2K[1A[2K[G[83%] sealing (chunk reviving)
[2K[1A[2K[G[83%] sealing (before chunk ids)
[2K[1A[2K[G[84%] sealing (chunk ids)
[2K[1A[2K[G[84%] sealing (chunk ids NamedChunkIdsPlugin)
[2K[1A[2K[G[84%] sealing (chunk ids)
[2K[1A[2K[G[85%] sealing (chunk id optimization)
[2K[1A[2K[G[85%] sealing (after chunk id optimization)
[2K[1A[2K[G[86%] sealing (record modules)
[2K[1A[2K[G[86%] sealing (record modules RecordIdsPlugin)
[2K[1A[2K[G[86%] sealing (record modules)
[2K[1A[2K[G[87%] sealing (record chunks)
[2K[1A[2K[G[87%] sealing (record chunks RecordIdsPlugin)
[2K[1A[2K[G[87%] sealing (record chunks)
[2K[1A[2K[G[87%] sealing (module hashing)
[2K[1A[2K[G[88%] sealing (code generation)
[2K[1A[2K[G[89%] sealing (runtime requirements)
[2K[1A[2K[G[89%] sealing (hashing)
[2K[1A[2K[G[90%] sealing (after hashing)
[2K[1A[2K[G[91%] sealing (record hash)
[2K[1A[2K[G[91%] sealing (module assets processing)
[2K[1A[2K[G[92%] sealing (chunk assets processing)
[2K[1A[2K[G[92%] sealing (asset processing)
[2K[1A[2K[G[92%] sealing (asset processing copy-webpack-plugin)
[2K[1A[2K[G[92%] sealing (asset processing HotModuleReplacementPlugin)
[2K[1A[2K[G[92%] sealing (asset processing PersistentChildCompilerSingletonPlugin)
[2K[1A[2K[G[92%] sealing (asset processing HtmlWebpackPlugin)
[2K[1A[2K[G[92%] sealing (asset processing)
[2K[1A[2K[G[93%] sealing (after asset optimization)
[2K[1A[2K[G[94%] sealing (recording)
[2K[1A[2K[G[94%] sealing (recording HotModuleReplacementPlugin)
[2K[1A[2K[G[94%] sealing (recording)
[2K[1A[2K[G[94%] sealing (after seal)
[2K[1A[2K[G[95%] emitting (emit)
[2K[1A[2K[G[98%] emitting (after emit)
[2K[1A[2K[GBuild finished at 15:50:49 by 0.000s
[2K[1A[2K[GBuild finished at 15:50:49 by 0.000s
[2K[1A[2K[GBuild finished at 15:50:49 by 0.000s
[2K[1A[2K[G DONE  Compiled successfully in 163ms15:50:49

Build finished at 15:50:49 by 0.000s
[2K[1A[2K[G
  App running at:
  - Local:   http://localhost:8001/admin-ui/ 
  - Network: unavailable

Build finished at 15:50:49 by 0.000s
[2K[1A[2K[GBuild finished at 15:50:49 by 0.000s
[2K[1A[2K[GBuild finished at 15:50:49 by 0.000s
[2K[1A[2K[GBuild finished at 15:50:49 by 0.000s
[2K[1A[2K[GBuild finished at 15:50:49 by 0.000s
[2K[1A[2K[GBuild finished at 15:50:49 by 0.000s
[2K[1A[2K[GBuild finished at 15:50:49 by 0.000s
[2K[1A[2K[GBuild finished at 15:50:49 by 0.000s
[2K[1A[2K[G WAIT  Compiling...15:51:31

Compiling...

[2K[1A[2K[G[1%] cache (end idle)
[2K[1A[2K[G[3%] setup (watch run)
[2K[1A[2K[G[3%] setup (watch run webpack-dev-middleware)
[2K[1A[2K[G[3%] setup (watch run)
[2K[1A[2K[G[4%] setup (normal module factory)
[2K[1A[2K[G[4%] setup (normal module factory CaseSensitivePathsPlugin)
[2K[1A[2K[G[4%] setup (normal module factory)
[2K[1A[2K[G[5%] setup (context module factory)
[2K[1A[2K[G[6%] setup (before compile)
[2K[1A[2K[G[7%] setup (compile)
[2K[1A[2K[G[7%] setup (compile ExternalsPlugin)
[2K[1A[2K[G[7%] setup (compile)
[2K[1A[2K[G[8%] setup (compilation)
[2K[1A[2K[G[8%] setup (compilation HtmlWebpackPlugin)
[2K[1A[2K[G[8%] setup (compilation CopyPlugin)
[2K[1A[2K[G[8%] setup (compilation ArrayPushCallbackChunkFormatPlugin)
[2K[1A[2K[G[8%] setup (compilation JsonpChunkLoadingPlugin)
[2K[1A[2K[G[8%] setup (compilation StartupChunkDependenciesPlugin)
[2K[1A[2K[G[8%] setup (compilation ImportScriptsChunkLoadingPlugin)
[2K[1A[2K[G[8%] setup (compilation WorkerAndWorkletPlugin)
[2K[1A[2K[G[8%] setup (compilation SplitChunksPlugin)
[2K[1A[2K[G[8%] setup (compilation ResolverCachePlugin)
[2K[1A[2K[G[8%] setup (compilation)
[2K[1A[2K[G[9%] setup (compilation)
[2K[1A[2K[G[9%] setup (compilation vue-loader-plugin)
[2K[1A[2K[G[9%] setup (compilation DefinePlugin)
[2K[1A[2K[G[9%] setup (compilation ProgressPlugin)
[2K[1A[2K[G[9%] setup (compilation EntryPlugin)
[2K[1A[2K[G[9%] setup (compilation ExternalsPlugin)
[2K[1A[2K[G[9%] setup (compilation ChunkPrefetchPreloadPlugin)
[2K[1A[2K[G[9%] setup (compilation ResourceHintPlugin)
[2K[1A[2K[G[9%] setup (compilation ModuleInfoHeaderPlugin)
[2K[1A[2K[G[9%] setup (compilation EvalSourceMapDevToolPlugin)
[2K[1A[2K[G[9%] setup (compilation JavascriptModulesPlugin)
[2K[1A[2K[G[9%] setup (compilation JsonModulesPlugin)
[2K[1A[2K[G[9%] setup (compilation AssetModulesPlugin)
[2K[1A[2K[G[9%] setup (compilation EntryPlugin)
[2K[1A[2K[G[9%] setup (compilation RuntimePlugin)
[2K[1A[2K[G[9%] setup (compilation InferAsyncModulesPlugin)
[2K[1A[2K[G[9%] setup (compilation DataUriPlugin)
[2K[1A[2K[G[9%] setup (compilation FileUriPlugin)
[2K[1A[2K[G[9%] setup (compilation CompatibilityPlugin)
[2K[1A[2K[G[9%] setup (compilation HarmonyModulesPlugin)
[2K[1A[2K[G[9%] setup (compilation AMDPlugin)
[2K[1A[2K[G[9%] setup (compilation RequireJsStuffPlugin)
[2K[1A[2K[G[9%] setup (compilation CommonJsPlugin)
[2K[1A[2K[G[9%] setup (compilation LoaderPlugin)
[2K[1A[2K[G[9%] setup (compilation NodeStuffPlugin)
[2K[1A[2K[G[9%] setup (compilation APIPlugin)
[2K[1A[2K[G[9%] setup (compilation ExportsInfoApiPlugin)
[2K[1A[2K[G[9%] setup (compilation WebpackIsIncludedPlugin)
[2K[1A[2K[G[9%] setup (compilation ConstPlugin)
[2K[1A[2K[G[9%] setup (compilation UseStrictPlugin)
[2K[1A[2K[G[9%] setup (compilation RequireIncludePlugin)
[2K[1A[2K[G[9%] setup (compilation RequireEnsurePlugin)
[2K[1A[2K[G[9%] setup (compilation RequireContextPlugin)
[2K[1A[2K[G[9%] setup (compilation ImportPlugin)
[2K[1A[2K[G[9%] setup (compilation ImportMetaContextPlugin)
[2K[1A[2K[G[9%] setup (compilation SystemPlugin)
[2K[1A[2K[G[9%] setup (compilation ImportMetaPlugin)
[2K[1A[2K[G[9%] setup (compilation URLPlugin)
[2K[1A[2K[G[9%] setup (compilation DefaultStatsFactoryPlugin)
[2K[1A[2K[G[9%] setup (compilation DefaultStatsPresetPlugin)
[2K[1A[2K[G[9%] setup (compilation DefaultStatsPrinterPlugin)
[2K[1A[2K[G[9%] setup (compilation JavascriptMetaInfoPlugin)
[2K[1A[2K[G[9%] setup (compilation EnsureChunkConditionsPlugin)
[2K[1A[2K[G[9%] setup (compilation RemoveEmptyChunksPlugin)
[2K[1A[2K[G[9%] setup (compilation MergeDuplicateChunksPlugin)
[2K[1A[2K[G[9%] setup (compilation SideEffectsFlagPlugin)
[2K[1A[2K[G[9%] setup (compilation FlagDependencyExportsPlugin)
[2K[1A[2K[G[9%] setup (compilation ConstExportsPlugin)
[2K[1A[2K[G[9%] setup (compilation NamedModuleIdsPlugin)
[2K[1A[2K[G[9%] setup (compilation NamedChunkIdsPlugin)
[2K[1A[2K[G[9%] setup (compilation DefinePlugin)
[2K[1A[2K[G[9%] setup (compilation TemplatedPathPlugin)
[2K[1A[2K[G[9%] setup (compilation RecordIdsPlugin)
[2K[1A[2K[G[9%] setup (compilation WarnCaseSensitiveModulesPlugin)
[2K[1A[2K[G[9%] setup (compilation EntryPlugin)
[2K[1A[2K[G[9%] setup (compilation ProvidePlugin)
[2K[1A[2K[G[9%] setup (compilation HotModuleReplacementPlugin)
[2K[1A[2K[G[9%] setup (compilation ProgressPlugin)
[2K[1A[2K[G[9%] setup (compilation)
[2K[1A[2K[G[10%] building 
[2K[1A[2K[G[10%] building (0/0 modules)
[2K[1A[2K[G[24%] building (1/4 modules)
[2K[1A[2K[G[38%] building (71/14 modules)
[2K[1A[2K[G[51%] building (86/14 modules)
[2K[1A[2K[G[51%] building (import loader @vue/vue-loader-v15/lib/index.js)
[2K[1A[2K[G[51%] building (195/110 modules)
[2K[1A[2K[G[51%] building (import loader @vue/vue-loader-v15/lib/loaders/pitcher.js)
[2K[1A[2K[G[51%] building (import loader @vue/vue-loader-v15/lib/loaders/templateLoader.js)
[2K[1A[2K[G[51%] building (353/175 modules)
[2K[1A[2K[G[51%] building (import loader vue-style-loader/index.js)
[2K[1A[2K[G[51%] building (import loader css-loader/dist/cjs.js)
[2K[1A[2K[G[51%] building (import loader postcss-loader/dist/cjs.js)
[2K[1A[2K[G[51%] building (353/175 modules)
[2K[1A[2K[G[51%] building (import loader @vue/vue-loader-v15/lib/loaders/stylePostLoader.js
)
[2K[1A[2K[1A[2K[G[51%] building (385/179 modules)
[2K[1A[2K[G[65%] building (398/183 modules)
[2K[1A[2K[G[65%] building 
[2K[1A[2K[G[69%] building (finish)
[2K[1A[2K[G[70%] sealing (finish module graph)
[2K[1A[2K[G[70%] sealing (finish module graph ResolverCachePlugin)
[2K[1A[2K[G[70%] sealing (finish module graph InferAsyncModulesPlugin)
[2K[1A[2K[G[70%] sealing (finish module graph FlagDependencyExportsPlugin)
[2K[1A[2K[G[70%] sealing (finish module graph)
[2K[1A[2K[G[71%] sealing (plugins)
[2K[1A[2K[G[71%] sealing (plugins WarnCaseSensitiveModulesPlugin)
[2K[1A[2K[G[71%] sealing (plugins)
[2K[1A[2K[G[71%] sealing (dependencies optimization)
[2K[1A[2K[G[71%] sealing (dependencies optimization SideEffectsFlagPlugin)
[2K[1A[2K[G[71%] sealing (dependencies optimization)
[2K[1A[2K[G[72%] sealing (after dependencies optimization)
[2K[1A[2K[G[73%] sealing (chunk graph)
[2K[1A[2K[G[73%] sealing (after chunk graph)
[2K[1A[2K[G[74%] sealing (optimizing)
[2K[1A[2K[G[74%] sealing (module optimization)
[2K[1A[2K[G[75%] sealing (after module optimization)
[2K[1A[2K[G[76%] sealing (chunk optimization)
[2K[1A[2K[G[76%] sealing (chunk optimization EnsureChunkConditionsPlugin)
[2K[1A[2K[G[76%] sealing (chunk optimization RemoveEmptyChunksPlugin)
[2K[1A[2K[G[76%] sealing (chunk optimization MergeDuplicateChunksPlugin)
[2K[1A[2K[G[76%] sealing (chunk optimization SplitChunksPlugin)
[2K[1A[2K[G[76%] sealing (chunk optimization RemoveEmptyChunksPlugin)
[2K[1A[2K[G[76%] sealing (chunk optimization)
[2K[1A[2K[G[76%] sealing (after chunk optimization)
[2K[1A[2K[G[77%] sealing (module and chunk tree optimization)
[2K[1A[2K[G[77%] sealing (module and chunk tree optimization PersistentChildCompilerSinglet
onPlugin)
[2K[1A[2K[1A[2K[G[77%] sealing (module and chunk tree optimization)
[2K[1A[2K[G[78%] sealing (after module and chunk tree optimization)
[2K[1A[2K[G[78%] sealing (chunk modules optimization)
[2K[1A[2K[G[79%] sealing (after chunk modules optimization)
[2K[1A[2K[G[80%] sealing (module reviving)
[2K[1A[2K[G[80%] sealing (module reviving RecordIdsPlugin)
[2K[1A[2K[G[80%] sealing (module reviving)
[2K[1A[2K[G[80%] sealing (before module ids)
[2K[1A[2K[G[81%] sealing (module ids)
[2K[1A[2K[G[81%] sealing (module ids NamedModuleIdsPlugin)
[2K[1A[2K[G[81%] sealing (module ids)
[2K[1A[2K[G[82%] sealing (module id optimization)
[2K[1A[2K[G[82%] sealing (module id optimization)
[2K[1A[2K[G[83%] sealing (chunk reviving)
[2K[1A[2K[G[83%] sealing (chunk reviving RecordIdsPlugin)
[2K[1A[2K[G[83%] sealing (chunk reviving)
[2K[1A[2K[G[83%] sealing (before chunk ids)
[2K[1A[2K[G[84%] sealing (chunk ids)
[2K[1A[2K[G[84%] sealing (chunk ids NamedChunkIdsPlugin)
[2K[1A[2K[G[84%] sealing (chunk ids)
[2K[1A[2K[G[85%] sealing (chunk id optimization)
[2K[1A[2K[G[85%] sealing (after chunk id optimization)
[2K[1A[2K[G[86%] sealing (record modules)
[2K[1A[2K[G[86%] sealing (record modules RecordIdsPlugin)
[2K[1A[2K[G[86%] sealing (record modules)
[2K[1A[2K[G[87%] sealing (record chunks)
[2K[1A[2K[G[87%] sealing (record chunks RecordIdsPlugin)
[2K[1A[2K[G[87%] sealing (record chunks)
[2K[1A[2K[G[87%] sealing (module hashing)
[2K[1A[2K[G[88%] sealing (code generation)
[2K[1A[2K[G[89%] sealing (runtime requirements)
[2K[1A[2K[G[89%] sealing (hashing)
[2K[1A[2K[G[90%] sealing (after hashing)
[2K[1A[2K[G[91%] sealing (record hash)
[2K[1A[2K[G[91%] sealing (module assets processing)
[2K[1A[2K[G[92%] sealing (chunk assets processing)
[2K[1A[2K[G[92%] sealing (asset processing)
[2K[1A[2K[G[92%] sealing (asset processing copy-webpack-plugin)
[2K[1A[2K[G[92%] sealing (asset processing HotModuleReplacementPlugin)
[2K[1A[2K[G[92%] sealing (asset processing PersistentChildCompilerSingletonPlugin)
[2K[1A[2K[G[92%] sealing (asset processing HtmlWebpackPlugin)
[2K[1A[2K[G[92%] sealing (asset processing)
[2K[1A[2K[G[93%] sealing (after asset optimization)
[2K[1A[2K[G[94%] sealing (recording)
[2K[1A[2K[G[94%] sealing (recording HotModuleReplacementPlugin)
[2K[1A[2K[G[94%] sealing (recording)
[2K[1A[2K[G[94%] sealing (after seal)
[2K[1A[2K[G[95%] emitting (emit)
[2K[1A[2K[G[98%] emitting (after emit)
[2K[1A[2K[GBuild finished at 15:51:31 by 0.000s
[2K[1A[2K[GBuild finished at 15:51:31 by 0.000s
[2K[1A[2K[GBuild finished at 15:51:31 by 0.000s
[2K[1A[2K[G DONE  Compiled successfully in 288ms15:51:31

Build finished at 15:51:31 by 0.000s
[2K[1A[2K[G
  App running at:
  - Local:   http://localhost:8001/admin-ui/ 
  - Network: unavailable

Build finished at 15:51:31 by 0.000s
[2K[1A[2K[GBuild finished at 15:51:31 by 0.000s
[2K[1A[2K[GBuild finished at 15:51:31 by 0.000s
[2K[1A[2K[GBuild finished at 15:51:31 by 0.000s
[2K[1A[2K[GBuild finished at 15:51:31 by 0.000s
[2K[1A[2K[GBuild finished at 15:51:31 by 0.000s
[2K[1A[2K[GBuild finished at 15:51:31 by 0.000s
[2K[1A[2K[GBuild finished at 15:51:31 by 0.000s
[2K[1A[2K[G WAIT  Compiling...15:55:00

Compiling...

[2K[1A[2K[G[1%] cache (end idle)
[2K[1A[2K[G[3%] setup (watch run)
[2K[1A[2K[G[3%] setup (watch run webpack-dev-middleware)
[2K[1A[2K[G[3%] setup (watch run)
[2K[1A[2K[G[4%] setup (normal module factory)
[2K[1A[2K[G[4%] setup (normal module factory CaseSensitivePathsPlugin)
[2K[1A[2K[G[4%] setup (normal module factory)
[2K[1A[2K[G[5%] setup (context module factory)
[2K[1A[2K[G[6%] setup (before compile)
[2K[1A[2K[G[7%] setup (compile)
[2K[1A[2K[G[7%] setup (compile ExternalsPlugin)
[2K[1A[2K[G[7%] setup (compile)
[2K[1A[2K[G[8%] setup (compilation)
[2K[1A[2K[G[8%] setup (compilation HtmlWebpackPlugin)
[2K[1A[2K[G[8%] setup (compilation CopyPlugin)
[2K[1A[2K[G[8%] setup (compilation ArrayPushCallbackChunkFormatPlugin)
[2K[1A[2K[G[8%] setup (compilation JsonpChunkLoadingPlugin)
[2K[1A[2K[G[8%] setup (compilation StartupChunkDependenciesPlugin)
[2K[1A[2K[G[8%] setup (compilation ImportScriptsChunkLoadingPlugin)
[2K[1A[2K[G[8%] setup (compilation WorkerAndWorkletPlugin)
[2K[1A[2K[G[8%] setup (compilation SplitChunksPlugin)
[2K[1A[2K[G[8%] setup (compilation ResolverCachePlugin)
[2K[1A[2K[G[8%] setup (compilation)
[2K[1A[2K[G[9%] setup (compilation)
[2K[1A[2K[G[9%] setup (compilation vue-loader-plugin)
[2K[1A[2K[G[9%] setup (compilation DefinePlugin)
[2K[1A[2K[G[9%] setup (compilation ProgressPlugin)
[2K[1A[2K[G[9%] setup (compilation EntryPlugin)
[2K[1A[2K[G[9%] setup (compilation ExternalsPlugin)
[2K[1A[2K[G[9%] setup (compilation ChunkPrefetchPreloadPlugin)
[2K[1A[2K[G[9%] setup (compilation ResourceHintPlugin)
[2K[1A[2K[G[9%] setup (compilation ModuleInfoHeaderPlugin)
[2K[1A[2K[G[9%] setup (compilation EvalSourceMapDevToolPlugin)
[2K[1A[2K[G[9%] setup (compilation JavascriptModulesPlugin)
[2K[1A[2K[G[9%] setup (compilation JsonModulesPlugin)
[2K[1A[2K[G[9%] setup (compilation AssetModulesPlugin)
[2K[1A[2K[G[9%] setup (compilation EntryPlugin)
[2K[1A[2K[G[9%] setup (compilation RuntimePlugin)
[2K[1A[2K[G[9%] setup (compilation InferAsyncModulesPlugin)
[2K[1A[2K[G[9%] setup (compilation DataUriPlugin)
[2K[1A[2K[G[9%] setup (compilation FileUriPlugin)
[2K[1A[2K[G[9%] setup (compilation CompatibilityPlugin)
[2K[1A[2K[G[9%] setup (compilation HarmonyModulesPlugin)
[2K[1A[2K[G[9%] setup (compilation AMDPlugin)
[2K[1A[2K[G[9%] setup (compilation RequireJsStuffPlugin)
[2K[1A[2K[G[9%] setup (compilation CommonJsPlugin)
[2K[1A[2K[G[9%] setup (compilation LoaderPlugin)
[2K[1A[2K[G[9%] setup (compilation NodeStuffPlugin)
[2K[1A[2K[G[9%] setup (compilation APIPlugin)
[2K[1A[2K[G[9%] setup (compilation ExportsInfoApiPlugin)
[2K[1A[2K[G[9%] setup (compilation WebpackIsIncludedPlugin)
[2K[1A[2K[G[9%] setup (compilation ConstPlugin)
[2K[1A[2K[G[9%] setup (compilation UseStrictPlugin)
[2K[1A[2K[G[9%] setup (compilation RequireIncludePlugin)
[2K[1A[2K[G[9%] setup (compilation RequireEnsurePlugin)
[2K[1A[2K[G[9%] setup (compilation RequireContextPlugin)
[2K[1A[2K[G[9%] setup (compilation ImportPlugin)
[2K[1A[2K[G[9%] setup (compilation ImportMetaContextPlugin)
[2K[1A[2K[G[9%] setup (compilation SystemPlugin)
[2K[1A[2K[G[9%] setup (compilation ImportMetaPlugin)
[2K[1A[2K[G[9%] setup (compilation URLPlugin)
[2K[1A[2K[G[9%] setup (compilation DefaultStatsFactoryPlugin)
[2K[1A[2K[G[9%] setup (compilation DefaultStatsPresetPlugin)
[2K[1A[2K[G[9%] setup (compilation DefaultStatsPrinterPlugin)
[2K[1A[2K[G[9%] setup (compilation JavascriptMetaInfoPlugin)
[2K[1A[2K[G[9%] setup (compilation EnsureChunkConditionsPlugin)
[2K[1A[2K[G[9%] setup (compilation RemoveEmptyChunksPlugin)
[2K[1A[2K[G[9%] setup (compilation MergeDuplicateChunksPlugin)
[2K[1A[2K[G[9%] setup (compilation SideEffectsFlagPlugin)
[2K[1A[2K[G[9%] setup (compilation FlagDependencyExportsPlugin)
[2K[1A[2K[G[9%] setup (compilation ConstExportsPlugin)
[2K[1A[2K[G[9%] setup (compilation NamedModuleIdsPlugin)
[2K[1A[2K[G[9%] setup (compilation NamedChunkIdsPlugin)
[2K[1A[2K[G[9%] setup (compilation DefinePlugin)
[2K[1A[2K[G[9%] setup (compilation TemplatedPathPlugin)
[2K[1A[2K[G[9%] setup (compilation RecordIdsPlugin)
[2K[1A[2K[G[9%] setup (compilation WarnCaseSensitiveModulesPlugin)
[2K[1A[2K[G[9%] setup (compilation EntryPlugin)
[2K[1A[2K[G[9%] setup (compilation ProvidePlugin)
[2K[1A[2K[G[9%] setup (compilation HotModuleReplacementPlugin)
[2K[1A[2K[G[9%] setup (compilation ProgressPlugin)
[2K[1A[2K[G[9%] setup (compilation)
[2K[1A[2K[G[10%] building 
[2K[1A[2K[G[10%] building (0/0 modules)
[2K[1A[2K[G[24%] building (15/7 modules)
[2K[1A[2K[G[38%] building (79/23 modules)
[2K[1A[2K[G[51%] building (91/24 modules)
[2K[1A[2K[G[51%] building (import loader @vue/vue-loader-v15/lib/index.js)
[2K[1A[2K[G[51%] building (385/170 modules)
[2K[1A[2K[G[51%] building (import loader @vue/vue-loader-v15/lib/loaders/templateLoader.js)
[2K[1A[2K[G[51%] building (385/177 modules)
[2K[1A[2K[G[51%] building (import loader css-loader/dist/cjs.js)
[2K[1A[2K[G[51%] building (import loader @vue/vue-loader-v15/lib/loaders/stylePostLoader.js
)
[2K[1A[2K[1A[2K[G[51%] building (import loader postcss-loader/dist/cjs.js)
[2K[1A[2K[G[51%] building (389/180 modules)
[2K[1A[2K[G[65%] building (398/182 modules)
[2K[1A[2K[G[65%] building 
[2K[1A[2K[G[69%] building (finish)
[2K[1A[2K[G[70%] sealing (finish module graph)
[2K[1A[2K[G[70%] sealing (finish module graph ResolverCachePlugin)
[2K[1A[2K[G[70%] sealing (finish module graph InferAsyncModulesPlugin)
[2K[1A[2K[G[70%] sealing (finish module graph FlagDependencyExportsPlugin)
[2K[1A[2K[G[70%] sealing (finish module graph)
[2K[1A[2K[G[71%] sealing (plugins)
[2K[1A[2K[G[71%] sealing (plugins WarnCaseSensitiveModulesPlugin)
[2K[1A[2K[G[71%] sealing (plugins)
[2K[1A[2K[G[71%] sealing (dependencies optimization)
[2K[1A[2K[G[71%] sealing (dependencies optimization SideEffectsFlagPlugin)
[2K[1A[2K[G[71%] sealing (dependencies optimization)
[2K[1A[2K[G[72%] sealing (after dependencies optimization)
[2K[1A[2K[G[73%] sealing (chunk graph)
[2K[1A[2K[G[73%] sealing (after chunk graph)
[2K[1A[2K[G[74%] sealing (optimizing)
[2K[1A[2K[G[74%] sealing (module optimization)
[2K[1A[2K[G[75%] sealing (after module optimization)
[2K[1A[2K[G[76%] sealing (chunk optimization)
[2K[1A[2K[G[76%] sealing (chunk optimization EnsureChunkConditionsPlugin)
[2K[1A[2K[G[76%] sealing (chunk optimization RemoveEmptyChunksPlugin)
[2K[1A[2K[G[76%] sealing (chunk optimization MergeDuplicateChunksPlugin)
[2K[1A[2K[G[76%] sealing (chunk optimization SplitChunksPlugin)
[2K[1A[2K[G[76%] sealing (chunk optimization RemoveEmptyChunksPlugin)
[2K[1A[2K[G[76%] sealing (chunk optimization)
[2K[1A[2K[G[76%] sealing (after chunk optimization)
[2K[1A[2K[G[77%] sealing (module and chunk tree optimization)
[2K[1A[2K[G[77%] sealing (module and chunk tree optimization PersistentChildCompilerSinglet
onPlugin)
[2K[1A[2K[1A[2K[G[77%] sealing (module and chunk tree optimization)
[2K[1A[2K[G[78%] sealing (after module and chunk tree optimization)
[2K[1A[2K[G[78%] sealing (chunk modules optimization)
[2K[1A[2K[G[79%] sealing (after chunk modules optimization)
[2K[1A[2K[G[80%] sealing (module reviving)
[2K[1A[2K[G[80%] sealing (module reviving RecordIdsPlugin)
[2K[1A[2K[G[80%] sealing (module reviving)
[2K[1A[2K[G[80%] sealing (before module ids)
[2K[1A[2K[G[81%] sealing (module ids)
[2K[1A[2K[G[81%] sealing (module ids NamedModuleIdsPlugin)
[2K[1A[2K[G[81%] sealing (module ids)
[2K[1A[2K[G[82%] sealing (module id optimization)
[2K[1A[2K[G[82%] sealing (module id optimization)
[2K[1A[2K[G[83%] sealing (chunk reviving)
[2K[1A[2K[G[83%] sealing (chunk reviving RecordIdsPlugin)
[2K[1A[2K[G[83%] sealing (chunk reviving)
[2K[1A[2K[G[83%] sealing (before chunk ids)
[2K[1A[2K[G[84%] sealing (chunk ids)
[2K[1A[2K[G[84%] sealing (chunk ids NamedChunkIdsPlugin)
[2K[1A[2K[G[84%] sealing (chunk ids)
[2K[1A[2K[G[85%] sealing (chunk id optimization)
[2K[1A[2K[G[85%] sealing (after chunk id optimization)
[2K[1A[2K[G[86%] sealing (record modules)
[2K[1A[2K[G[86%] sealing (record modules RecordIdsPlugin)
[2K[1A[2K[G[86%] sealing (record modules)
[2K[1A[2K[G[87%] sealing (record chunks)
[2K[1A[2K[G[87%] sealing (record chunks RecordIdsPlugin)
[2K[1A[2K[G[87%] sealing (record chunks)
[2K[1A[2K[G[87%] sealing (module hashing)
[2K[1A[2K[G[88%] sealing (code generation)
[2K[1A[2K[G[89%] sealing (runtime requirements)
[2K[1A[2K[G[89%] sealing (hashing)
[2K[1A[2K[G[90%] sealing (after hashing)
[2K[1A[2K[G[91%] sealing (record hash)
[2K[1A[2K[G[91%] sealing (module assets processing)
[2K[1A[2K[G[92%] sealing (chunk assets processing)
[2K[1A[2K[G[92%] sealing (asset processing)
[2K[1A[2K[G[92%] sealing (asset processing copy-webpack-plugin)
[2K[1A[2K[G[92%] sealing (asset processing HotModuleReplacementPlugin)
[2K[1A[2K[G[92%] sealing (asset processing PersistentChildCompilerSingletonPlugin)
[2K[1A[2K[G[92%] sealing (asset processing HtmlWebpackPlugin)
[2K[1A[2K[G[92%] sealing (asset processing)
[2K[1A[2K[G[93%] sealing (after asset optimization)
[2K[1A[2K[G[94%] sealing (recording)
[2K[1A[2K[G[94%] sealing (recording HotModuleReplacementPlugin)
[2K[1A[2K[G[94%] sealing (recording)
[2K[1A[2K[G[94%] sealing (after seal)
[2K[1A[2K[G[95%] emitting (emit)
[2K[1A[2K[G[98%] emitting (after emit)
[2K[1A[2K[GBuild finished at 15:55:00 by 0.000s
[2K[1A[2K[GBuild finished at 15:55:00 by 0.000s
[2K[1A[2K[GBuild finished at 15:55:00 by 0.000s
[2K[1A[2K[G DONE  Compiled successfully in 349ms15:55:00

Build finished at 15:55:00 by 0.000s
[2K[1A[2K[G
  App running at:
  - Local:   http://localhost:8001/admin-ui/ 
  - Network: unavailable

Build finished at 15:55:00 by 0.000s
[2K[1A[2K[GBuild finished at 15:55:00 by 0.000s
[2K[1A[2K[GBuild finished at 15:55:00 by 0.000s
[2K[1A[2K[GBuild finished at 15:55:00 by 0.000s
[2K[1A[2K[GBuild finished at 15:55:00 by 0.000s
[2K[1A[2K[GBuild finished at 15:55:00 by 0.000s
[2K[1A[2K[GBuild finished at 15:55:00 by 0.000s
[2K[1A[2K[GBuild finished at 15:55:00 by 0.000s
[2K[1A[2K[G WAIT  Compiling...15:55:08

Compiling...

[2K[1A[2K[G[1%] cache (end idle)
[2K[1A[2K[G[3%] setup (watch run)
[2K[1A[2K[G[3%] setup (watch run webpack-dev-middleware)
[2K[1A[2K[G[3%] setup (watch run)
[2K[1A[2K[G[4%] setup (normal module factory)
[2K[1A[2K[G[4%] setup (normal module factory CaseSensitivePathsPlugin)
[2K[1A[2K[G[4%] setup (normal module factory)
[2K[1A[2K[G[5%] setup (context module factory)
[2K[1A[2K[G[6%] setup (before compile)
[2K[1A[2K[G[7%] setup (compile)
[2K[1A[2K[G[7%] setup (compile ExternalsPlugin)
[2K[1A[2K[G[7%] setup (compile)
[2K[1A[2K[G[8%] setup (compilation)
[2K[1A[2K[G[8%] setup (compilation HtmlWebpackPlugin)
[2K[1A[2K[G[8%] setup (compilation CopyPlugin)
[2K[1A[2K[G[8%] setup (compilation ArrayPushCallbackChunkFormatPlugin)
[2K[1A[2K[G[8%] setup (compilation JsonpChunkLoadingPlugin)
[2K[1A[2K[G[8%] setup (compilation StartupChunkDependenciesPlugin)
[2K[1A[2K[G[8%] setup (compilation ImportScriptsChunkLoadingPlugin)
[2K[1A[2K[G[8%] setup (compilation WorkerAndWorkletPlugin)
[2K[1A[2K[G[8%] setup (compilation SplitChunksPlugin)
[2K[1A[2K[G[8%] setup (compilation ResolverCachePlugin)
[2K[1A[2K[G[8%] setup (compilation)
[2K[1A[2K[G[9%] setup (compilation)
[2K[1A[2K[G[9%] setup (compilation vue-loader-plugin)
[2K[1A[2K[G[9%] setup (compilation DefinePlugin)
[2K[1A[2K[G[9%] setup (compilation ProgressPlugin)
[2K[1A[2K[G[9%] setup (compilation EntryPlugin)
[2K[1A[2K[G[9%] setup (compilation ExternalsPlugin)
[2K[1A[2K[G[9%] setup (compilation ChunkPrefetchPreloadPlugin)
[2K[1A[2K[G[9%] setup (compilation ResourceHintPlugin)
[2K[1A[2K[G[9%] setup (compilation ModuleInfoHeaderPlugin)
[2K[1A[2K[G[9%] setup (compilation EvalSourceMapDevToolPlugin)
[2K[1A[2K[G[9%] setup (compilation JavascriptModulesPlugin)
[2K[1A[2K[G[9%] setup (compilation JsonModulesPlugin)
[2K[1A[2K[G[9%] setup (compilation AssetModulesPlugin)
[2K[1A[2K[G[9%] setup (compilation EntryPlugin)
[2K[1A[2K[G[9%] setup (compilation RuntimePlugin)
[2K[1A[2K[G[9%] setup (compilation InferAsyncModulesPlugin)
[2K[1A[2K[G[9%] setup (compilation DataUriPlugin)
[2K[1A[2K[G[9%] setup (compilation FileUriPlugin)
[2K[1A[2K[G[9%] setup (compilation CompatibilityPlugin)
[2K[1A[2K[G[9%] setup (compilation HarmonyModulesPlugin)
[2K[1A[2K[G[9%] setup (compilation AMDPlugin)
[2K[1A[2K[G[9%] setup (compilation RequireJsStuffPlugin)
[2K[1A[2K[G[9%] setup (compilation CommonJsPlugin)
[2K[1A[2K[G[9%] setup (compilation LoaderPlugin)
[2K[1A[2K[G[9%] setup (compilation NodeStuffPlugin)
[2K[1A[2K[G[9%] setup (compilation APIPlugin)
[2K[1A[2K[G[9%] setup (compilation ExportsInfoApiPlugin)
[2K[1A[2K[G[9%] setup (compilation WebpackIsIncludedPlugin)
[2K[1A[2K[G[9%] setup (compilation ConstPlugin)
[2K[1A[2K[G[9%] setup (compilation UseStrictPlugin)
[2K[1A[2K[G[9%] setup (compilation RequireIncludePlugin)
[2K[1A[2K[G[9%] setup (compilation RequireEnsurePlugin)
[2K[1A[2K[G[9%] setup (compilation RequireContextPlugin)
[2K[1A[2K[G[9%] setup (compilation ImportPlugin)
[2K[1A[2K[G[9%] setup (compilation ImportMetaContextPlugin)
[2K[1A[2K[G[9%] setup (compilation SystemPlugin)
[2K[1A[2K[G[9%] setup (compilation ImportMetaPlugin)
[2K[1A[2K[G[9%] setup (compilation URLPlugin)
[2K[1A[2K[G[9%] setup (compilation DefaultStatsFactoryPlugin)
[2K[1A[2K[G[9%] setup (compilation DefaultStatsPresetPlugin)
[2K[1A[2K[G[9%] setup (compilation DefaultStatsPrinterPlugin)
[2K[1A[2K[G[9%] setup (compilation JavascriptMetaInfoPlugin)
[2K[1A[2K[G[9%] setup (compilation EnsureChunkConditionsPlugin)
[2K[1A[2K[G[9%] setup (compilation RemoveEmptyChunksPlugin)
[2K[1A[2K[G[9%] setup (compilation MergeDuplicateChunksPlugin)
[2K[1A[2K[G[9%] setup (compilation SideEffectsFlagPlugin)
[2K[1A[2K[G[9%] setup (compilation FlagDependencyExportsPlugin)
[2K[1A[2K[G[9%] setup (compilation ConstExportsPlugin)
[2K[1A[2K[G[9%] setup (compilation NamedModuleIdsPlugin)
[2K[1A[2K[G[9%] setup (compilation NamedChunkIdsPlugin)
[2K[1A[2K[G[9%] setup (compilation DefinePlugin)
[2K[1A[2K[G[9%] setup (compilation TemplatedPathPlugin)
[2K[1A[2K[G[9%] setup (compilation RecordIdsPlugin)
[2K[1A[2K[G[9%] setup (compilation WarnCaseSensitiveModulesPlugin)
[2K[1A[2K[G[9%] setup (compilation EntryPlugin)
[2K[1A[2K[G[9%] setup (compilation ProvidePlugin)
[2K[1A[2K[G[9%] setup (compilation HotModuleReplacementPlugin)
[2K[1A[2K[G[9%] setup (compilation ProgressPlugin)
[2K[1A[2K[G[9%] setup (compilation)
[2K[1A[2K[G[10%] building 
[2K[1A[2K[G[10%] building (0/0 modules)
[2K[1A[2K[G[24%] building (1/4 modules)
[2K[1A[2K[G[38%] building (71/14 modules)
[2K[1A[2K[G[51%] building (86/14 modules)
[2K[1A[2K[G[51%] building (import loader @vue/vue-loader-v15/lib/index.js)
[2K[1A[2K[G[51%] building (195/110 modules)
[2K[1A[2K[G[51%] building (import loader @vue/vue-loader-v15/lib/loaders/templateLoader.js)
[2K[1A[2K[G[51%] building (385/179 modules)
[2K[1A[2K[G[51%] building (import loader css-loader/dist/cjs.js)
[2K[1A[2K[G[51%] building (import loader @vue/vue-loader-v15/lib/loaders/stylePostLoader.js
)
[2K[1A[2K[1A[2K[G[51%] building (import loader postcss-loader/dist/cjs.js)
[2K[1A[2K[G[51%] building (389/180 modules)
[2K[1A[2K[G[65%] building (398/182 modules)
[2K[1A[2K[G[65%] building 
[2K[1A[2K[G[69%] building (finish)
[2K[1A[2K[G[70%] sealing (finish module graph)
[2K[1A[2K[G[70%] sealing (finish module graph ResolverCachePlugin)
[2K[1A[2K[G[70%] sealing (finish module graph InferAsyncModulesPlugin)
[2K[1A[2K[G[70%] sealing (finish module graph FlagDependencyExportsPlugin)
[2K[1A[2K[G[70%] sealing (finish module graph)
[2K[1A[2K[G[71%] sealing (plugins)
[2K[1A[2K[G[71%] sealing (plugins WarnCaseSensitiveModulesPlugin)
[2K[1A[2K[G[71%] sealing (plugins)
[2K[1A[2K[G[71%] sealing (dependencies optimization)
[2K[1A[2K[G[71%] sealing (dependencies optimization SideEffectsFlagPlugin)
[2K[1A[2K[G[71%] sealing (dependencies optimization)
[2K[1A[2K[G[72%] sealing (after dependencies optimization)
[2K[1A[2K[G[73%] sealing (chunk graph)
[2K[1A[2K[G[73%] sealing (after chunk graph)
[2K[1A[2K[G[74%] sealing (optimizing)
[2K[1A[2K[G[74%] sealing (module optimization)
[2K[1A[2K[G[75%] sealing (after module optimization)
[2K[1A[2K[G[76%] sealing (chunk optimization)
[2K[1A[2K[G[76%] sealing (chunk optimization EnsureChunkConditionsPlugin)
[2K[1A[2K[G[76%] sealing (chunk optimization RemoveEmptyChunksPlugin)
[2K[1A[2K[G[76%] sealing (chunk optimization MergeDuplicateChunksPlugin)
[2K[1A[2K[G[76%] sealing (chunk optimization SplitChunksPlugin)
[2K[1A[2K[G[76%] sealing (chunk optimization RemoveEmptyChunksPlugin)
[2K[1A[2K[G[76%] sealing (chunk optimization)
[2K[1A[2K[G[76%] sealing (after chunk optimization)
[2K[1A[2K[G[77%] sealing (module and chunk tree optimization)
[2K[1A[2K[G[77%] sealing (module and chunk tree optimization PersistentChildCompilerSinglet
onPlugin)
[2K[1A[2K[1A[2K[G[77%] sealing (module and chunk tree optimization)
[2K[1A[2K[G[78%] sealing (after module and chunk tree optimization)
[2K[1A[2K[G[78%] sealing (chunk modules optimization)
[2K[1A[2K[G[79%] sealing (after chunk modules optimization)
[2K[1A[2K[G[80%] sealing (module reviving)
[2K[1A[2K[G[80%] sealing (module reviving RecordIdsPlugin)
[2K[1A[2K[G[80%] sealing (module reviving)
[2K[1A[2K[G[80%] sealing (before module ids)
[2K[1A[2K[G[81%] sealing (module ids)
[2K[1A[2K[G[81%] sealing (module ids NamedModuleIdsPlugin)
[2K[1A[2K[G[81%] sealing (module ids)
[2K[1A[2K[G[82%] sealing (module id optimization)
[2K[1A[2K[G[82%] sealing (module id optimization)
[2K[1A[2K[G[83%] sealing (chunk reviving)
[2K[1A[2K[G[83%] sealing (chunk reviving RecordIdsPlugin)
[2K[1A[2K[G[83%] sealing (chunk reviving)
[2K[1A[2K[G[83%] sealing (before chunk ids)
[2K[1A[2K[G[84%] sealing (chunk ids)
[2K[1A[2K[G[84%] sealing (chunk ids NamedChunkIdsPlugin)
[2K[1A[2K[G[84%] sealing (chunk ids)
[2K[1A[2K[G[85%] sealing (chunk id optimization)
[2K[1A[2K[G[85%] sealing (after chunk id optimization)
[2K[1A[2K[G[86%] sealing (record modules)
[2K[1A[2K[G[86%] sealing (record modules RecordIdsPlugin)
[2K[1A[2K[G[86%] sealing (record modules)
[2K[1A[2K[G[87%] sealing (record chunks)
[2K[1A[2K[G[87%] sealing (record chunks RecordIdsPlugin)
[2K[1A[2K[G[87%] sealing (record chunks)
[2K[1A[2K[G[87%] sealing (module hashing)
[2K[1A[2K[G[88%] sealing (code generation)
[2K[1A[2K[G[89%] sealing (runtime requirements)
[2K[1A[2K[G[89%] sealing (hashing)
[2K[1A[2K[G[90%] sealing (after hashing)
[2K[1A[2K[G[91%] sealing (record hash)
[2K[1A[2K[G[91%] sealing (module assets processing)
[2K[1A[2K[G[92%] sealing (chunk assets processing)
[2K[1A[2K[G[92%] sealing (asset processing)
[2K[1A[2K[G[92%] sealing (asset processing copy-webpack-plugin)
[2K[1A[2K[G[92%] sealing (asset processing HotModuleReplacementPlugin)
[2K[1A[2K[G[92%] sealing (asset processing PersistentChildCompilerSingletonPlugin)
[2K[1A[2K[G[92%] sealing (asset processing HtmlWebpackPlugin)
[2K[1A[2K[G[92%] sealing (asset processing)
[2K[1A[2K[G[93%] sealing (after asset optimization)
[2K[1A[2K[G[94%] sealing (recording)
[2K[1A[2K[G[94%] sealing (recording HotModuleReplacementPlugin)
[2K[1A[2K[G[94%] sealing (recording)
[2K[1A[2K[G[94%] sealing (after seal)
[2K[1A[2K[G[95%] emitting (emit)
[2K[1A[2K[G[98%] emitting (after emit)
[2K[1A[2K[GBuild finished at 15:55:08 by 0.000s
[2K[1A[2K[GBuild finished at 15:55:08 by 0.000s
[2K[1A[2K[GBuild finished at 15:55:08 by 0.000s
[2K[1A[2K[G DONE  Compiled successfully in 252ms15:55:08

Build finished at 15:55:08 by 0.000s
[2K[1A[2K[G
  App running at:
  - Local:   http://localhost:8001/admin-ui/ 
  - Network: unavailable

Build finished at 15:55:08 by 0.000s
[2K[1A[2K[GBuild finished at 15:55:08 by 0.000s
[2K[1A[2K[GBuild finished at 15:55:08 by 0.000s
[2K[1A[2K[GBuild finished at 15:55:08 by 0.000s
[2K[1A[2K[GBuild finished at 15:55:08 by 0.000s
[2K[1A[2K[GBuild finished at 15:55:08 by 0.000s
[2K[1A[2K[GBuild finished at 15:55:08 by 0.000s
[2K[1A[2K[GBuild finished at 15:55:08 by 0.000s
[2K[1A[2K[G WAIT  Compiling...15:55:30

Compiling...

[2K[1A[2K[G[1%] cache (end idle)
[2K[1A[2K[G[3%] setup (watch run)
[2K[1A[2K[G[3%] setup (watch run webpack-dev-middleware)
[2K[1A[2K[G[3%] setup (watch run)
[2K[1A[2K[G[4%] setup (normal module factory)
[2K[1A[2K[G[4%] setup (normal module factory CaseSensitivePathsPlugin)
[2K[1A[2K[G[4%] setup (normal module factory)
[2K[1A[2K[G[5%] setup (context module factory)
[2K[1A[2K[G[6%] setup (before compile)
[2K[1A[2K[G[7%] setup (compile)
[2K[1A[2K[G[7%] setup (compile ExternalsPlugin)
[2K[1A[2K[G[7%] setup (compile)
[2K[1A[2K[G[8%] setup (compilation)
[2K[1A[2K[G[8%] setup (compilation HtmlWebpackPlugin)
[2K[1A[2K[G[8%] setup (compilation CopyPlugin)
[2K[1A[2K[G[8%] setup (compilation ArrayPushCallbackChunkFormatPlugin)
[2K[1A[2K[G[8%] setup (compilation JsonpChunkLoadingPlugin)
[2K[1A[2K[G[8%] setup (compilation StartupChunkDependenciesPlugin)
[2K[1A[2K[G[8%] setup (compilation ImportScriptsChunkLoadingPlugin)
[2K[1A[2K[G[8%] setup (compilation WorkerAndWorkletPlugin)
[2K[1A[2K[G[8%] setup (compilation SplitChunksPlugin)
[2K[1A[2K[G[8%] setup (compilation ResolverCachePlugin)
[2K[1A[2K[G[8%] setup (compilation)
[2K[1A[2K[G[9%] setup (compilation)
[2K[1A[2K[G[9%] setup (compilation vue-loader-plugin)
[2K[1A[2K[G[9%] setup (compilation DefinePlugin)
[2K[1A[2K[G[9%] setup (compilation ProgressPlugin)
[2K[1A[2K[G[9%] setup (compilation EntryPlugin)
[2K[1A[2K[G[9%] setup (compilation ExternalsPlugin)
[2K[1A[2K[G[9%] setup (compilation ChunkPrefetchPreloadPlugin)
[2K[1A[2K[G[9%] setup (compilation ResourceHintPlugin)
[2K[1A[2K[G[9%] setup (compilation ModuleInfoHeaderPlugin)
[2K[1A[2K[G[9%] setup (compilation EvalSourceMapDevToolPlugin)
[2K[1A[2K[G[9%] setup (compilation JavascriptModulesPlugin)
[2K[1A[2K[G[9%] setup (compilation JsonModulesPlugin)
[2K[1A[2K[G[9%] setup (compilation AssetModulesPlugin)
[2K[1A[2K[G[9%] setup (compilation EntryPlugin)
[2K[1A[2K[G[9%] setup (compilation RuntimePlugin)
[2K[1A[2K[G[9%] setup (compilation InferAsyncModulesPlugin)
[2K[1A[2K[G[9%] setup (compilation DataUriPlugin)
[2K[1A[2K[G[9%] setup (compilation FileUriPlugin)
[2K[1A[2K[G[9%] setup (compilation CompatibilityPlugin)
[2K[1A[2K[G[9%] setup (compilation HarmonyModulesPlugin)
[2K[1A[2K[G[9%] setup (compilation AMDPlugin)
[2K[1A[2K[G[9%] setup (compilation RequireJsStuffPlugin)
[2K[1A[2K[G[9%] setup (compilation CommonJsPlugin)
[2K[1A[2K[G[9%] setup (compilation LoaderPlugin)
[2K[1A[2K[G[9%] setup (compilation NodeStuffPlugin)
[2K[1A[2K[G[9%] setup (compilation APIPlugin)
[2K[1A[2K[G[9%] setup (compilation ExportsInfoApiPlugin)
[2K[1A[2K[G[9%] setup (compilation WebpackIsIncludedPlugin)
[2K[1A[2K[G[9%] setup (compilation ConstPlugin)
[2K[1A[2K[G[9%] setup (compilation UseStrictPlugin)
[2K[1A[2K[G[9%] setup (compilation RequireIncludePlugin)
[2K[1A[2K[G[9%] setup (compilation RequireEnsurePlugin)
[2K[1A[2K[G[9%] setup (compilation RequireContextPlugin)
[2K[1A[2K[G[9%] setup (compilation ImportPlugin)
[2K[1A[2K[G[9%] setup (compilation ImportMetaContextPlugin)
[2K[1A[2K[G[9%] setup (compilation SystemPlugin)
[2K[1A[2K[G[9%] setup (compilation ImportMetaPlugin)
[2K[1A[2K[G[9%] setup (compilation URLPlugin)
[2K[1A[2K[G[9%] setup (compilation DefaultStatsFactoryPlugin)
[2K[1A[2K[G[9%] setup (compilation DefaultStatsPresetPlugin)
[2K[1A[2K[G[9%] setup (compilation DefaultStatsPrinterPlugin)
[2K[1A[2K[G[9%] setup (compilation JavascriptMetaInfoPlugin)
[2K[1A[2K[G[9%] setup (compilation EnsureChunkConditionsPlugin)
[2K[1A[2K[G[9%] setup (compilation RemoveEmptyChunksPlugin)
[2K[1A[2K[G[9%] setup (compilation MergeDuplicateChunksPlugin)
[2K[1A[2K[G[9%] setup (compilation SideEffectsFlagPlugin)
[2K[1A[2K[G[9%] setup (compilation FlagDependencyExportsPlugin)
[2K[1A[2K[G[9%] setup (compilation ConstExportsPlugin)
[2K[1A[2K[G[9%] setup (compilation NamedModuleIdsPlugin)
[2K[1A[2K[G[9%] setup (compilation NamedChunkIdsPlugin)
[2K[1A[2K[G[9%] setup (compilation DefinePlugin)
[2K[1A[2K[G[9%] setup (compilation TemplatedPathPlugin)
[2K[1A[2K[G[9%] setup (compilation RecordIdsPlugin)
[2K[1A[2K[G[9%] setup (compilation WarnCaseSensitiveModulesPlugin)
[2K[1A[2K[G[9%] setup (compilation EntryPlugin)
[2K[1A[2K[G[9%] setup (compilation ProvidePlugin)
[2K[1A[2K[G[9%] setup (compilation HotModuleReplacementPlugin)
[2K[1A[2K[G[9%] setup (compilation ProgressPlugin)
[2K[1A[2K[G[9%] setup (compilation)
[2K[1A[2K[G[10%] building 
[2K[1A[2K[G[10%] building (0/0 modules)
[2K[1A[2K[G[24%] building (1/4 modules)
[2K[1A[2K[G[38%] building (71/14 modules)
[2K[1A[2K[G[51%] building (86/14 modules)
[2K[1A[2K[G[51%] building (import loader @vue/vue-loader-v15/lib/index.js)
[2K[1A[2K[G[51%] building (195/110 modules)
[2K[1A[2K[G[51%] building (import loader @vue/vue-loader-v15/lib/loaders/templateLoader.js)
[2K[1A[2K[G[51%] building (385/179 modules)
[2K[1A[2K[G[51%] building (import loader css-loader/dist/cjs.js)
[2K[1A[2K[G[51%] building (import loader @vue/vue-loader-v15/lib/loaders/stylePostLoader.js
)
[2K[1A[2K[1A[2K[G[51%] building (import loader postcss-loader/dist/cjs.js)
[2K[1A[2K[G[51%] building (389/180 modules)
[2K[1A[2K[G[65%] building (398/182 modules)
[2K[1A[2K[G[65%] building 
[2K[1A[2K[G[69%] building (finish)
[2K[1A[2K[G[70%] sealing (finish module graph)
[2K[1A[2K[G[70%] sealing (finish module graph ResolverCachePlugin)
[2K[1A[2K[G[70%] sealing (finish module graph InferAsyncModulesPlugin)
[2K[1A[2K[G[70%] sealing (finish module graph FlagDependencyExportsPlugin)
[2K[1A[2K[G[70%] sealing (finish module graph)
[2K[1A[2K[G[71%] sealing (plugins)
[2K[1A[2K[G[71%] sealing (plugins WarnCaseSensitiveModulesPlugin)
[2K[1A[2K[G[71%] sealing (plugins)
[2K[1A[2K[G[71%] sealing (dependencies optimization)
[2K[1A[2K[G[71%] sealing (dependencies optimization SideEffectsFlagPlugin)
[2K[1A[2K[G[71%] sealing (dependencies optimization)
[2K[1A[2K[G[72%] sealing (after dependencies optimization)
[2K[1A[2K[G[73%] sealing (chunk graph)
[2K[1A[2K[G[73%] sealing (after chunk graph)
[2K[1A[2K[G[74%] sealing (optimizing)
[2K[1A[2K[G[74%] sealing (module optimization)
[2K[1A[2K[G[75%] sealing (after module optimization)
[2K[1A[2K[G[76%] sealing (chunk optimization)
[2K[1A[2K[G[76%] sealing (chunk optimization EnsureChunkConditionsPlugin)
[2K[1A[2K[G[76%] sealing (chunk optimization RemoveEmptyChunksPlugin)
[2K[1A[2K[G[76%] sealing (chunk optimization MergeDuplicateChunksPlugin)
[2K[1A[2K[G[76%] sealing (chunk optimization SplitChunksPlugin)
[2K[1A[2K[G[76%] sealing (chunk optimization RemoveEmptyChunksPlugin)
[2K[1A[2K[G[76%] sealing (chunk optimization)
[2K[1A[2K[G[76%] sealing (after chunk optimization)
[2K[1A[2K[G[77%] sealing (module and chunk tree optimization)
[2K[1A[2K[G[77%] sealing (module and chunk tree optimization PersistentChildCompilerSinglet
onPlugin)
[2K[1A[2K[1A[2K[G[77%] sealing (module and chunk tree optimization)
[2K[1A[2K[G[78%] sealing (after module and chunk tree optimization)
[2K[1A[2K[G[78%] sealing (chunk modules optimization)
[2K[1A[2K[G[79%] sealing (after chunk modules optimization)
[2K[1A[2K[G[80%] sealing (module reviving)
[2K[1A[2K[G[80%] sealing (module reviving RecordIdsPlugin)
[2K[1A[2K[G[80%] sealing (module reviving)
[2K[1A[2K[G[80%] sealing (before module ids)
[2K[1A[2K[G[81%] sealing (module ids)
[2K[1A[2K[G[81%] sealing (module ids NamedModuleIdsPlugin)
[2K[1A[2K[G[81%] sealing (module ids)
[2K[1A[2K[G[82%] sealing (module id optimization)
[2K[1A[2K[G[82%] sealing (module id optimization)
[2K[1A[2K[G[83%] sealing (chunk reviving)
[2K[1A[2K[G[83%] sealing (chunk reviving RecordIdsPlugin)
[2K[1A[2K[G[83%] sealing (chunk reviving)
[2K[1A[2K[G[83%] sealing (before chunk ids)
[2K[1A[2K[G[84%] sealing (chunk ids)
[2K[1A[2K[G[84%] sealing (chunk ids NamedChunkIdsPlugin)
[2K[1A[2K[G[84%] sealing (chunk ids)
[2K[1A[2K[G[85%] sealing (chunk id optimization)
[2K[1A[2K[G[85%] sealing (after chunk id optimization)
[2K[1A[2K[G[86%] sealing (record modules)
[2K[1A[2K[G[86%] sealing (record modules RecordIdsPlugin)
[2K[1A[2K[G[86%] sealing (record modules)
[2K[1A[2K[G[87%] sealing (record chunks)
[2K[1A[2K[G[87%] sealing (record chunks RecordIdsPlugin)
[2K[1A[2K[G[87%] sealing (record chunks)
[2K[1A[2K[G[87%] sealing (module hashing)
[2K[1A[2K[G[88%] sealing (code generation)
[2K[1A[2K[G[89%] sealing (runtime requirements)
[2K[1A[2K[G[89%] sealing (hashing)
[2K[1A[2K[G[90%] sealing (after hashing)
[2K[1A[2K[G[91%] sealing (record hash)
[2K[1A[2K[G[91%] sealing (module assets processing)
[2K[1A[2K[G[92%] sealing (chunk assets processing)
[2K[1A[2K[G[92%] sealing (asset processing)
[2K[1A[2K[G[92%] sealing (asset processing copy-webpack-plugin)
[2K[1A[2K[G[92%] sealing (asset processing HotModuleReplacementPlugin)
[2K[1A[2K[G[92%] sealing (asset processing PersistentChildCompilerSingletonPlugin)
[2K[1A[2K[G[92%] sealing (asset processing HtmlWebpackPlugin)
[2K[1A[2K[G[92%] sealing (asset processing)
[2K[1A[2K[G[93%] sealing (after asset optimization)
[2K[1A[2K[G[94%] sealing (recording)
[2K[1A[2K[G[94%] sealing (recording HotModuleReplacementPlugin)
[2K[1A[2K[G[94%] sealing (recording)
[2K[1A[2K[G[94%] sealing (after seal)
[2K[1A[2K[G[95%] emitting (emit)
[2K[1A[2K[G[98%] emitting (after emit)
[2K[1A[2K[GBuild finished at 15:55:31 by 0.000s
[2K[1A[2K[GBuild finished at 15:55:31 by 0.000s
[2K[1A[2K[GBuild finished at 15:55:31 by 0.000s
[2K[1A[2K[G DONE  Compiled successfully in 257ms15:55:31

Build finished at 15:55:31 by 0.000s
[2K[1A[2K[G
  App running at:
  - Local:   http://localhost:8001/admin-ui/ 
  - Network: unavailable

Build finished at 15:55:31 by 0.000s
[2K[1A[2K[GBuild finished at 15:55:31 by 0.000s
[2K[1A[2K[GBuild finished at 15:55:31 by 0.000s
[2K[1A[2K[GBuild finished at 15:55:31 by 0.000s
[2K[1A[2K[GBuild finished at 15:55:31 by 0.000s
[2K[1A[2K[GBuild finished at 15:55:31 by 0.000s
[2K[1A[2K[GBuild finished at 15:55:31 by 0.000s
[2K[1A[2K[GBuild finished at 15:55:31 by 0.000s
[2K[1A[2K[G WAIT  Compiling...15:55:39

Compiling...

[2K[1A[2K[G[1%] cache (end idle)
[2K[1A[2K[G[3%] setup (watch run)
[2K[1A[2K[G[3%] setup (watch run webpack-dev-middleware)
[2K[1A[2K[G[3%] setup (watch run)
[2K[1A[2K[G[4%] setup (normal module factory)
[2K[1A[2K[G[4%] setup (normal module factory CaseSensitivePathsPlugin)
[2K[1A[2K[G[4%] setup (normal module factory)
[2K[1A[2K[G[5%] setup (context module factory)
[2K[1A[2K[G[6%] setup (before compile)
[2K[1A[2K[G[7%] setup (compile)
[2K[1A[2K[G[7%] setup (compile ExternalsPlugin)
[2K[1A[2K[G[7%] setup (compile)
[2K[1A[2K[G[8%] setup (compilation)
[2K[1A[2K[G[8%] setup (compilation HtmlWebpackPlugin)
[2K[1A[2K[G[8%] setup (compilation CopyPlugin)
[2K[1A[2K[G[8%] setup (compilation ArrayPushCallbackChunkFormatPlugin)
[2K[1A[2K[G[8%] setup (compilation JsonpChunkLoadingPlugin)
[2K[1A[2K[G[8%] setup (compilation StartupChunkDependenciesPlugin)
[2K[1A[2K[G[8%] setup (compilation ImportScriptsChunkLoadingPlugin)
[2K[1A[2K[G[8%] setup (compilation WorkerAndWorkletPlugin)
[2K[1A[2K[G[8%] setup (compilation SplitChunksPlugin)
[2K[1A[2K[G[8%] setup (compilation ResolverCachePlugin)
[2K[1A[2K[G[8%] setup (compilation)
[2K[1A[2K[G[9%] setup (compilation)
[2K[1A[2K[G[9%] setup (compilation vue-loader-plugin)
[2K[1A[2K[G[9%] setup (compilation DefinePlugin)
[2K[1A[2K[G[9%] setup (compilation ProgressPlugin)
[2K[1A[2K[G[9%] setup (compilation EntryPlugin)
[2K[1A[2K[G[9%] setup (compilation ExternalsPlugin)
[2K[1A[2K[G[9%] setup (compilation ChunkPrefetchPreloadPlugin)
[2K[1A[2K[G[9%] setup (compilation ResourceHintPlugin)
[2K[1A[2K[G[9%] setup (compilation ModuleInfoHeaderPlugin)
[2K[1A[2K[G[9%] setup (compilation EvalSourceMapDevToolPlugin)
[2K[1A[2K[G[9%] setup (compilation JavascriptModulesPlugin)
[2K[1A[2K[G[9%] setup (compilation JsonModulesPlugin)
[2K[1A[2K[G[9%] setup (compilation AssetModulesPlugin)
[2K[1A[2K[G[9%] setup (compilation EntryPlugin)
[2K[1A[2K[G[9%] setup (compilation RuntimePlugin)
[2K[1A[2K[G[9%] setup (compilation InferAsyncModulesPlugin)
[2K[1A[2K[G[9%] setup (compilation DataUriPlugin)
[2K[1A[2K[G[9%] setup (compilation FileUriPlugin)
[2K[1A[2K[G[9%] setup (compilation CompatibilityPlugin)
[2K[1A[2K[G[9%] setup (compilation HarmonyModulesPlugin)
[2K[1A[2K[G[9%] setup (compilation AMDPlugin)
[2K[1A[2K[G[9%] setup (compilation RequireJsStuffPlugin)
[2K[1A[2K[G[9%] setup (compilation CommonJsPlugin)
[2K[1A[2K[G[9%] setup (compilation LoaderPlugin)
[2K[1A[2K[G[9%] setup (compilation NodeStuffPlugin)
[2K[1A[2K[G[9%] setup (compilation APIPlugin)
[2K[1A[2K[G[9%] setup (compilation ExportsInfoApiPlugin)
[2K[1A[2K[G[9%] setup (compilation WebpackIsIncludedPlugin)
[2K[1A[2K[G[9%] setup (compilation ConstPlugin)
[2K[1A[2K[G[9%] setup (compilation UseStrictPlugin)
[2K[1A[2K[G[9%] setup (compilation RequireIncludePlugin)
[2K[1A[2K[G[9%] setup (compilation RequireEnsurePlugin)
[2K[1A[2K[G[9%] setup (compilation RequireContextPlugin)
[2K[1A[2K[G[9%] setup (compilation ImportPlugin)
[2K[1A[2K[G[9%] setup (compilation ImportMetaContextPlugin)
[2K[1A[2K[G[9%] setup (compilation SystemPlugin)
[2K[1A[2K[G[9%] setup (compilation ImportMetaPlugin)
[2K[1A[2K[G[9%] setup (compilation URLPlugin)
[2K[1A[2K[G[9%] setup (compilation DefaultStatsFactoryPlugin)
[2K[1A[2K[G[9%] setup (compilation DefaultStatsPresetPlugin)
[2K[1A[2K[G[9%] setup (compilation DefaultStatsPrinterPlugin)
[2K[1A[2K[G[9%] setup (compilation JavascriptMetaInfoPlugin)
[2K[1A[2K[G[9%] setup (compilation EnsureChunkConditionsPlugin)
[2K[1A[2K[G[9%] setup (compilation RemoveEmptyChunksPlugin)
[2K[1A[2K[G[9%] setup (compilation MergeDuplicateChunksPlugin)
[2K[1A[2K[G[9%] setup (compilation SideEffectsFlagPlugin)
[2K[1A[2K[G[9%] setup (compilation FlagDependencyExportsPlugin)
[2K[1A[2K[G[9%] setup (compilation ConstExportsPlugin)
[2K[1A[2K[G[9%] setup (compilation NamedModuleIdsPlugin)
[2K[1A[2K[G[9%] setup (compilation NamedChunkIdsPlugin)
[2K[1A[2K[G[9%] setup (compilation DefinePlugin)
[2K[1A[2K[G[9%] setup (compilation TemplatedPathPlugin)
[2K[1A[2K[G[9%] setup (compilation RecordIdsPlugin)
[2K[1A[2K[G[9%] setup (compilation WarnCaseSensitiveModulesPlugin)
[2K[1A[2K[G[9%] setup (compilation EntryPlugin)
[2K[1A[2K[G[9%] setup (compilation ProvidePlugin)
[2K[1A[2K[G[9%] setup (compilation HotModuleReplacementPlugin)
[2K[1A[2K[G[9%] setup (compilation ProgressPlugin)
[2K[1A[2K[G[9%] setup (compilation)
[2K[1A[2K[G[10%] building 
[2K[1A[2K[G[10%] building (0/0 modules)
[2K[1A[2K[G[24%] building (1/4 modules)
[2K[1A[2K[G[38%] building (71/14 modules)
[2K[1A[2K[G[51%] building (86/14 modules)
[2K[1A[2K[G[51%] building (import loader @vue/vue-loader-v15/lib/index.js)
[2K[1A[2K[G[51%] building (195/110 modules)
[2K[1A[2K[G[51%] building (import loader @vue/vue-loader-v15/lib/loaders/templateLoader.js)
[2K[1A[2K[G[51%] building (385/179 modules)
[2K[1A[2K[G[51%] building (import loader css-loader/dist/cjs.js)
[2K[1A[2K[G[51%] building (import loader @vue/vue-loader-v15/lib/loaders/stylePostLoader.js
)
[2K[1A[2K[1A[2K[G[51%] building (import loader postcss-loader/dist/cjs.js)
[2K[1A[2K[G[51%] building (389/180 modules)
[2K[1A[2K[G[65%] building (398/182 modules)
[2K[1A[2K[G[65%] building 
[2K[1A[2K[G[69%] building (finish)
[2K[1A[2K[G[70%] sealing (finish module graph)
[2K[1A[2K[G[70%] sealing (finish module graph ResolverCachePlugin)
[2K[1A[2K[G[70%] sealing (finish module graph InferAsyncModulesPlugin)
[2K[1A[2K[G[70%] sealing (finish module graph FlagDependencyExportsPlugin)
[2K[1A[2K[G[70%] sealing (finish module graph)
[2K[1A[2K[G[71%] sealing (plugins)
[2K[1A[2K[G[71%] sealing (plugins WarnCaseSensitiveModulesPlugin)
[2K[1A[2K[G[71%] sealing (plugins)
[2K[1A[2K[G[71%] sealing (dependencies optimization)
[2K[1A[2K[G[71%] sealing (dependencies optimization SideEffectsFlagPlugin)
[2K[1A[2K[G[71%] sealing (dependencies optimization)
[2K[1A[2K[G[72%] sealing (after dependencies optimization)
[2K[1A[2K[G[73%] sealing (chunk graph)
[2K[1A[2K[G[73%] sealing (after chunk graph)
[2K[1A[2K[G[74%] sealing (optimizing)
[2K[1A[2K[G[74%] sealing (module optimization)
[2K[1A[2K[G[75%] sealing (after module optimization)
[2K[1A[2K[G[76%] sealing (chunk optimization)
[2K[1A[2K[G[76%] sealing (chunk optimization EnsureChunkConditionsPlugin)
[2K[1A[2K[G[76%] sealing (chunk optimization RemoveEmptyChunksPlugin)
[2K[1A[2K[G[76%] sealing (chunk optimization MergeDuplicateChunksPlugin)
[2K[1A[2K[G[76%] sealing (chunk optimization SplitChunksPlugin)
[2K[1A[2K[G[76%] sealing (chunk optimization RemoveEmptyChunksPlugin)
[2K[1A[2K[G[76%] sealing (chunk optimization)
[2K[1A[2K[G[76%] sealing (after chunk optimization)
[2K[1A[2K[G[77%] sealing (module and chunk tree optimization)
[2K[1A[2K[G[77%] sealing (module and chunk tree optimization PersistentChildCompilerSinglet
onPlugin)
[2K[1A[2K[1A[2K[G[77%] sealing (module and chunk tree optimization)
[2K[1A[2K[G[78%] sealing (after module and chunk tree optimization)
[2K[1A[2K[G[78%] sealing (chunk modules optimization)
[2K[1A[2K[G[79%] sealing (after chunk modules optimization)
[2K[1A[2K[G[80%] sealing (module reviving)
[2K[1A[2K[G[80%] sealing (module reviving RecordIdsPlugin)
[2K[1A[2K[G[80%] sealing (module reviving)
[2K[1A[2K[G[80%] sealing (before module ids)
[2K[1A[2K[G[81%] sealing (module ids)
[2K[1A[2K[G[81%] sealing (module ids NamedModuleIdsPlugin)
[2K[1A[2K[G[81%] sealing (module ids)
[2K[1A[2K[G[82%] sealing (module id optimization)
[2K[1A[2K[G[82%] sealing (module id optimization)
[2K[1A[2K[G[83%] sealing (chunk reviving)
[2K[1A[2K[G[83%] sealing (chunk reviving RecordIdsPlugin)
[2K[1A[2K[G[83%] sealing (chunk reviving)
[2K[1A[2K[G[83%] sealing (before chunk ids)
[2K[1A[2K[G[84%] sealing (chunk ids)
[2K[1A[2K[G[84%] sealing (chunk ids NamedChunkIdsPlugin)
[2K[1A[2K[G[84%] sealing (chunk ids)
[2K[1A[2K[G[85%] sealing (chunk id optimization)
[2K[1A[2K[G[85%] sealing (after chunk id optimization)
[2K[1A[2K[G[86%] sealing (record modules)
[2K[1A[2K[G[86%] sealing (record modules RecordIdsPlugin)
[2K[1A[2K[G[86%] sealing (record modules)
[2K[1A[2K[G[87%] sealing (record chunks)
[2K[1A[2K[G[87%] sealing (record chunks RecordIdsPlugin)
[2K[1A[2K[G[87%] sealing (record chunks)
[2K[1A[2K[G[87%] sealing (module hashing)
[2K[1A[2K[G[88%] sealing (code generation)
[2K[1A[2K[G[89%] sealing (runtime requirements)
[2K[1A[2K[G[89%] sealing (hashing)
[2K[1A[2K[G[90%] sealing (after hashing)
[2K[1A[2K[G[91%] sealing (record hash)
[2K[1A[2K[G[91%] sealing (module assets processing)
[2K[1A[2K[G[92%] sealing (chunk assets processing)
[2K[1A[2K[G[92%] sealing (asset processing)
[2K[1A[2K[G[92%] sealing (asset processing copy-webpack-plugin)
[2K[1A[2K[G[92%] sealing (asset processing HotModuleReplacementPlugin)
[2K[1A[2K[G[92%] sealing (asset processing PersistentChildCompilerSingletonPlugin)
[2K[1A[2K[G[92%] sealing (asset processing HtmlWebpackPlugin)
[2K[1A[2K[G[92%] sealing (asset processing)
[2K[1A[2K[G[93%] sealing (after asset optimization)
[2K[1A[2K[G[94%] sealing (recording)
[2K[1A[2K[G[94%] sealing (recording HotModuleReplacementPlugin)
[2K[1A[2K[G[94%] sealing (recording)
[2K[1A[2K[G[94%] sealing (after seal)
[2K[1A[2K[G[95%] emitting (emit)
[2K[1A[2K[G[98%] emitting (after emit)
[2K[1A[2K[GBuild finished at 15:55:39 by 0.000s
[2K[1A[2K[GBuild finished at 15:55:39 by 0.000s
[2K[1A[2K[GBuild finished at 15:55:39 by 0.000s
[2K[1A[2K[G DONE  Compiled successfully in 299ms15:55:39

Build finished at 15:55:39 by 0.000s
[2K[1A[2K[G
  App running at:
  - Local:   http://localhost:8001/admin-ui/ 
  - Network: unavailable

Build finished at 15:55:39 by 0.000s
[2K[1A[2K[GBuild finished at 15:55:39 by 0.000s
[2K[1A[2K[GBuild finished at 15:55:39 by 0.000s
[2K[1A[2K[GBuild finished at 15:55:39 by 0.000s
[2K[1A[2K[GBuild finished at 15:55:39 by 0.000s
[2K[1A[2K[GBuild finished at 15:55:39 by 0.000s
[2K[1A[2K[GBuild finished at 15:55:39 by 0.000s
[2K[1A[2K[GBuild finished at 15:55:39 by 0.000s
[2K[1A[2K[G WAIT  Compiling...15:56:03

Compiling...

[2K[1A[2K[G[1%] cache (end idle)
[2K[1A[2K[G[3%] setup (watch run)
[2K[1A[2K[G[3%] setup (watch run webpack-dev-middleware)
[2K[1A[2K[G[3%] setup (watch run)
[2K[1A[2K[G[4%] setup (normal module factory)
[2K[1A[2K[G[4%] setup (normal module factory CaseSensitivePathsPlugin)
[2K[1A[2K[G[4%] setup (normal module factory)
[2K[1A[2K[G[5%] setup (context module factory)
[2K[1A[2K[G[6%] setup (before compile)
[2K[1A[2K[G[7%] setup (compile)
[2K[1A[2K[G[7%] setup (compile ExternalsPlugin)
[2K[1A[2K[G[7%] setup (compile)
[2K[1A[2K[G[8%] setup (compilation)
[2K[1A[2K[G[8%] setup (compilation HtmlWebpackPlugin)
[2K[1A[2K[G[8%] setup (compilation CopyPlugin)
[2K[1A[2K[G[8%] setup (compilation ArrayPushCallbackChunkFormatPlugin)
[2K[1A[2K[G[8%] setup (compilation JsonpChunkLoadingPlugin)
[2K[1A[2K[G[8%] setup (compilation StartupChunkDependenciesPlugin)
[2K[1A[2K[G[8%] setup (compilation ImportScriptsChunkLoadingPlugin)
[2K[1A[2K[G[8%] setup (compilation WorkerAndWorkletPlugin)
[2K[1A[2K[G[8%] setup (compilation SplitChunksPlugin)
[2K[1A[2K[G[8%] setup (compilation ResolverCachePlugin)
[2K[1A[2K[G[8%] setup (compilation)
[2K[1A[2K[G[9%] setup (compilation)
[2K[1A[2K[G[9%] setup (compilation vue-loader-plugin)
[2K[1A[2K[G[9%] setup (compilation DefinePlugin)
[2K[1A[2K[G[9%] setup (compilation ProgressPlugin)
[2K[1A[2K[G[9%] setup (compilation EntryPlugin)
[2K[1A[2K[G[9%] setup (compilation ExternalsPlugin)
[2K[1A[2K[G[9%] setup (compilation ChunkPrefetchPreloadPlugin)
[2K[1A[2K[G[9%] setup (compilation ResourceHintPlugin)
[2K[1A[2K[G[9%] setup (compilation ModuleInfoHeaderPlugin)
[2K[1A[2K[G[9%] setup (compilation EvalSourceMapDevToolPlugin)
[2K[1A[2K[G[9%] setup (compilation JavascriptModulesPlugin)
[2K[1A[2K[G[9%] setup (compilation JsonModulesPlugin)
[2K[1A[2K[G[9%] setup (compilation AssetModulesPlugin)
[2K[1A[2K[G[9%] setup (compilation EntryPlugin)
[2K[1A[2K[G[9%] setup (compilation RuntimePlugin)
[2K[1A[2K[G[9%] setup (compilation InferAsyncModulesPlugin)
[2K[1A[2K[G[9%] setup (compilation DataUriPlugin)
[2K[1A[2K[G[9%] setup (compilation FileUriPlugin)
[2K[1A[2K[G[9%] setup (compilation CompatibilityPlugin)
[2K[1A[2K[G[9%] setup (compilation HarmonyModulesPlugin)
[2K[1A[2K[G[9%] setup (compilation AMDPlugin)
[2K[1A[2K[G[9%] setup (compilation RequireJsStuffPlugin)
[2K[1A[2K[G[9%] setup (compilation CommonJsPlugin)
[2K[1A[2K[G[9%] setup (compilation LoaderPlugin)
[2K[1A[2K[G[9%] setup (compilation NodeStuffPlugin)
[2K[1A[2K[G[9%] setup (compilation APIPlugin)
[2K[1A[2K[G[9%] setup (compilation ExportsInfoApiPlugin)
[2K[1A[2K[G[9%] setup (compilation WebpackIsIncludedPlugin)
[2K[1A[2K[G[9%] setup (compilation ConstPlugin)
[2K[1A[2K[G[9%] setup (compilation UseStrictPlugin)
[2K[1A[2K[G[9%] setup (compilation RequireIncludePlugin)
[2K[1A[2K[G[9%] setup (compilation RequireEnsurePlugin)
[2K[1A[2K[G[9%] setup (compilation RequireContextPlugin)
[2K[1A[2K[G[9%] setup (compilation ImportPlugin)
[2K[1A[2K[G[9%] setup (compilation ImportMetaContextPlugin)
[2K[1A[2K[G[9%] setup (compilation SystemPlugin)
[2K[1A[2K[G[9%] setup (compilation ImportMetaPlugin)
[2K[1A[2K[G[9%] setup (compilation URLPlugin)
[2K[1A[2K[G[9%] setup (compilation DefaultStatsFactoryPlugin)
[2K[1A[2K[G[9%] setup (compilation DefaultStatsPresetPlugin)
[2K[1A[2K[G[9%] setup (compilation DefaultStatsPrinterPlugin)
[2K[1A[2K[G[9%] setup (compilation JavascriptMetaInfoPlugin)
[2K[1A[2K[G[9%] setup (compilation EnsureChunkConditionsPlugin)
[2K[1A[2K[G[9%] setup (compilation RemoveEmptyChunksPlugin)
[2K[1A[2K[G[9%] setup (compilation MergeDuplicateChunksPlugin)
[2K[1A[2K[G[9%] setup (compilation SideEffectsFlagPlugin)
[2K[1A[2K[G[9%] setup (compilation FlagDependencyExportsPlugin)
[2K[1A[2K[G[9%] setup (compilation ConstExportsPlugin)
[2K[1A[2K[G[9%] setup (compilation NamedModuleIdsPlugin)
[2K[1A[2K[G[9%] setup (compilation NamedChunkIdsPlugin)
[2K[1A[2K[G[9%] setup (compilation DefinePlugin)
[2K[1A[2K[G[9%] setup (compilation TemplatedPathPlugin)
[2K[1A[2K[G[9%] setup (compilation RecordIdsPlugin)
[2K[1A[2K[G[9%] setup (compilation WarnCaseSensitiveModulesPlugin)
[2K[1A[2K[G[9%] setup (compilation EntryPlugin)
[2K[1A[2K[G[9%] setup (compilation ProvidePlugin)
[2K[1A[2K[G[9%] setup (compilation HotModuleReplacementPlugin)
[2K[1A[2K[G[9%] setup (compilation ProgressPlugin)
[2K[1A[2K[G[9%] setup (compilation)
[2K[1A[2K[G[10%] building 
[2K[1A[2K[G[10%] building (0/0 modules)
[2K[1A[2K[G[24%] building (7/7 modules)
[2K[1A[2K[G[38%] building (79/24 modules)
[2K[1A[2K[G[51%] building (92/24 modules)
[2K[1A[2K[G[51%] building (import loader @vue/vue-loader-v15/lib/index.js)
[2K[1A[2K[G[51%] building (385/170 modules)
[2K[1A[2K[G[51%] building (import loader @vue/vue-loader-v15/lib/loaders/templateLoader.js)
[2K[1A[2K[G[51%] building (385/178 modules)
[2K[1A[2K[G[51%] building (import loader css-loader/dist/cjs.js)
[2K[1A[2K[G[51%] building (import loader @vue/vue-loader-v15/lib/loaders/stylePostLoader.js
)
[2K[1A[2K[1A[2K[G[51%] building (import loader postcss-loader/dist/cjs.js)
[2K[1A[2K[G[51%] building (389/180 modules)
[2K[1A[2K[G[65%] building (398/182 modules)
[2K[1A[2K[G[65%] building 
[2K[1A[2K[G[69%] building (finish)
[2K[1A[2K[G[70%] sealing (finish module graph)
[2K[1A[2K[G[70%] sealing (finish module graph ResolverCachePlugin)
[2K[1A[2K[G[70%] sealing (finish module graph InferAsyncModulesPlugin)
[2K[1A[2K[G[70%] sealing (finish module graph FlagDependencyExportsPlugin)
[2K[1A[2K[G[70%] sealing (finish module graph)
[2K[1A[2K[G[71%] sealing (plugins)
[2K[1A[2K[G[71%] sealing (plugins WarnCaseSensitiveModulesPlugin)
[2K[1A[2K[G[71%] sealing (plugins)
[2K[1A[2K[G[71%] sealing (dependencies optimization)
[2K[1A[2K[G[71%] sealing (dependencies optimization SideEffectsFlagPlugin)
[2K[1A[2K[G[71%] sealing (dependencies optimization)
[2K[1A[2K[G[72%] sealing (after dependencies optimization)
[2K[1A[2K[G[73%] sealing (chunk graph)
[2K[1A[2K[G[73%] sealing (after chunk graph)
[2K[1A[2K[G[74%] sealing (optimizing)
[2K[1A[2K[G[74%] sealing (module optimization)
[2K[1A[2K[G[75%] sealing (after module optimization)
[2K[1A[2K[G[76%] sealing (chunk optimization)
[2K[1A[2K[G[76%] sealing (chunk optimization EnsureChunkConditionsPlugin)
[2K[1A[2K[G[76%] sealing (chunk optimization RemoveEmptyChunksPlugin)
[2K[1A[2K[G[76%] sealing (chunk optimization MergeDuplicateChunksPlugin)
[2K[1A[2K[G[76%] sealing (chunk optimization SplitChunksPlugin)
[2K[1A[2K[G[76%] sealing (chunk optimization RemoveEmptyChunksPlugin)
[2K[1A[2K[G[76%] sealing (chunk optimization)
[2K[1A[2K[G[76%] sealing (after chunk optimization)
[2K[1A[2K[G[77%] sealing (module and chunk tree optimization)
[2K[1A[2K[G[77%] sealing (module and chunk tree optimization PersistentChildCompilerSinglet
onPlugin)
[2K[1A[2K[1A[2K[G[77%] sealing (module and chunk tree optimization)
[2K[1A[2K[G[78%] sealing (after module and chunk tree optimization)
[2K[1A[2K[G[78%] sealing (chunk modules optimization)
[2K[1A[2K[G[79%] sealing (after chunk modules optimization)
[2K[1A[2K[G[80%] sealing (module reviving)
[2K[1A[2K[G[80%] sealing (module reviving RecordIdsPlugin)
[2K[1A[2K[G[80%] sealing (module reviving)
[2K[1A[2K[G[80%] sealing (before module ids)
[2K[1A[2K[G[81%] sealing (module ids)
[2K[1A[2K[G[81%] sealing (module ids NamedModuleIdsPlugin)
[2K[1A[2K[G[81%] sealing (module ids)
[2K[1A[2K[G[82%] sealing (module id optimization)
[2K[1A[2K[G[82%] sealing (module id optimization)
[2K[1A[2K[G[83%] sealing (chunk reviving)
[2K[1A[2K[G[83%] sealing (chunk reviving RecordIdsPlugin)
[2K[1A[2K[G[83%] sealing (chunk reviving)
[2K[1A[2K[G[83%] sealing (before chunk ids)
[2K[1A[2K[G[84%] sealing (chunk ids)
[2K[1A[2K[G[84%] sealing (chunk ids NamedChunkIdsPlugin)
[2K[1A[2K[G[84%] sealing (chunk ids)
[2K[1A[2K[G[85%] sealing (chunk id optimization)
[2K[1A[2K[G[85%] sealing (after chunk id optimization)
[2K[1A[2K[G[86%] sealing (record modules)
[2K[1A[2K[G[86%] sealing (record modules RecordIdsPlugin)
[2K[1A[2K[G[86%] sealing (record modules)
[2K[1A[2K[G[87%] sealing (record chunks)
[2K[1A[2K[G[87%] sealing (record chunks RecordIdsPlugin)
[2K[1A[2K[G[87%] sealing (record chunks)
[2K[1A[2K[G[87%] sealing (module hashing)
[2K[1A[2K[G[88%] sealing (code generation)
[2K[1A[2K[G[89%] sealing (runtime requirements)
[2K[1A[2K[G[89%] sealing (hashing)
[2K[1A[2K[G[90%] sealing (after hashing)
[2K[1A[2K[G[91%] sealing (record hash)
[2K[1A[2K[G[91%] sealing (module assets processing)
[2K[1A[2K[G[92%] sealing (chunk assets processing)
[2K[1A[2K[G[92%] sealing (asset processing)
[2K[1A[2K[G[92%] sealing (asset processing copy-webpack-plugin)
[2K[1A[2K[G[92%] sealing (asset processing HotModuleReplacementPlugin)
[2K[1A[2K[G[92%] sealing (asset processing PersistentChildCompilerSingletonPlugin)
[2K[1A[2K[G[92%] sealing (asset processing HtmlWebpackPlugin)
[2K[1A[2K[G[92%] sealing (asset processing)
[2K[1A[2K[G[93%] sealing (after asset optimization)
[2K[1A[2K[G[94%] sealing (recording)
[2K[1A[2K[G[94%] sealing (recording HotModuleReplacementPlugin)
[2K[1A[2K[G[94%] sealing (recording)
[2K[1A[2K[G[94%] sealing (after seal)
[2K[1A[2K[G[95%] emitting (emit)
[2K[1A[2K[G[98%] emitting (after emit)
[2K[1A[2K[GBuild finished at 15:56:03 by 0.000s
[2K[1A[2K[GBuild finished at 15:56:03 by 0.000s
[2K[1A[2K[GBuild finished at 15:56:03 by 0.000s
[2K[1A[2K[G DONE  Compiled successfully in 346ms15:56:03

Build finished at 15:56:03 by 0.000s
[2K[1A[2K[G
  App running at:
  - Local:   http://localhost:8001/admin-ui/ 
  - Network: unavailable

Build finished at 15:56:03 by 0.000s
[2K[1A[2K[GBuild finished at 15:56:03 by 0.000s
[2K[1A[2K[GBuild finished at 15:56:03 by 0.000s
[2K[1A[2K[GBuild finished at 15:56:03 by 0.000s
[2K[1A[2K[GBuild finished at 15:56:03 by 0.000s
[2K[1A[2K[GBuild finished at 15:56:03 by 0.000s
[2K[1A[2K[GBuild finished at 15:56:03 by 0.000s
[2K[1A[2K[GBuild finished at 15:56:03 by 0.000s
[2K[1A[2K[G